label,gpu_type,duration,gpu_count,util,usd_per_gpu_hr,monthly_cost_usd
H100 • 8 GPUs • 1h (spot) • 100% util,H100,1 hour,8,1.0,1.4,8175.999999999999
H100 • 8 GPUs • 1h (spot) • 100% util,H100,1 hour,8,1.0,1.4,8175.999999999999
H100 • 8 GPUs • 1h (spot) • 100% util,H100,1 hour,8,1.0,1.4,8175.999999999999
H100 • 8 GPUs • 1h (spot) • 100% util,H100,1 hour,8,1.0,1.4,8175.999999999999
H100 • 8 GPUs • 1h (spot) • 100% util,H100,1 hour,8,1.0,1.4,8175.999999999999
H100 • 8 GPUs • 1h (spot) • 100% util,H100,1 hour,8,1.0,1.4,8175.999999999999
H100 • 8 GPUs • 1h (spot) • 100% util,H100,1 hour,8,1.0,1.4,8175.999999999999
H100 • 8 GPUs • 1h (spot) • 100% util,H100,1 hour,8,1.0,1.4,8175.999999999999
H100 • 8 GPUs • 1h (spot) • 100% util,H100,1 hour,8,1.0,1.4,8175.999999999999
H100 • 8 GPUs • 1h (spot) • 100% util,H100,1 hour,8,1.0,1.4,8175.999999999999
H100 • 8 GPUs • 1h (spot) • 100% util,H100,1 hour,8,1.0,1.4,8175.999999999999
H100 • 8 GPUs • 1h (spot) • 100% util,H100,1 hour,8,1.0,1.4,8175.999999999999
H100 • 8 GPUs • 1h (spot) • 100% util,H100,1 hour,8,1.0,1.4,8175.999999999999
H100 • 8 GPUs • 1h (spot) • 100% util,H100,1 hour,8,1.0,1.4,8175.999999999999
H100 • 8 GPUs • 1h (spot) • 100% util,H100,1 hour,8,1.0,1.4,8175.999999999999
H100 • 8 GPUs • 1h (spot) • 100% util,H100,1 hour,8,1.0,1.39,8117.599999999999
H100 • 8 GPUs • 1h (spot) • 100% util,H100,1 hour,8,1.0,1.39,8117.599999999999
H100 • 8 GPUs • 1h (spot) • 100% util,H100,1 hour,8,1.0,1.39,8117.599999999999
H100 • 8 GPUs • 1h (spot) • 100% util,H100,1 hour,8,1.0,1.4,8175.999999999999
H100 • 8 GPUs • 1h (spot) • 100% util,H100,1 hour,8,1.0,1.4,8175.999999999999
H100 • 8 GPUs • 1h (spot) • 100% util,H100,1 hour,8,1.0,1.39,8117.599999999999
H100 • 8 GPUs • 1h (spot) • 100% util,H100,1 hour,8,1.0,1.39,8117.599999999999
H100 • 8 GPUs • 1h (spot) • 100% util,H100,1 hour,8,1.0,1.4,8175.999999999999
H100 • 8 GPUs • 1h (spot) • 100% util,H100,1 hour,8,1.0,1.4,8175.999999999999
H100 • 8 GPUs • 1h (spot) • 100% util,H100,1 hour,8,1.0,1.39,8117.599999999999
H100 • 8 GPUs • 1h (spot) • 100% util,H100,1 hour,8,1.0,1.4,8175.999999999999
H100 • 8 GPUs • 1h (spot) • 100% util,H100,1 hour,8,1.0,1.4,8175.999999999999
H100 • 8 GPUs • 1h (spot) • 100% util,H100,1 hour,8,1.0,1.39,8117.599999999999
H100 • 8 GPUs • 1h (spot) • 100% util,H100,1 hour,8,1.0,1.4,8175.999999999999
H100 • 8 GPUs • 1h (spot) • 100% util,H100,1 hour,8,1.0,1.39,8117.599999999999
H100 • 8 GPUs • 1h (spot) • 100% util,H100,1 hour,8,1.0,1.39,8117.599999999999
H100 • 8 GPUs • 1h (spot) • 100% util,H100,1 hour,8,1.0,1.39,8117.599999999999
H100 • 8 GPUs • 1h (spot) • 100% util,H100,1 hour,8,1.0,1.39,8117.599999999999
H100 • 8 GPUs • 1h (spot) • 100% util,H100,1 hour,8,1.0,1.39,8117.599999999999
H100 • 8 GPUs • 1h (spot) • 100% util,H100,1 hour,8,1.0,1.39,8117.599999999999
H100 • 8 GPUs • 1h (spot) • 100% util,H100,1 hour,8,1.0,1.39,8117.599999999999
H100 • 8 GPUs • 1h (spot) • 100% util,H100,1 hour,8,1.0,1.39,8117.599999999999
H100 • 8 GPUs • 1h (spot) • 100% util,H100,1 hour,8,1.0,1.39,8117.599999999999
H100 • 8 GPUs • 1h (spot) • 100% util,H100,1 hour,8,1.0,1.39,8117.599999999999
H100 • 8 GPUs • 1h (spot) • 100% util,H100,1 hour,8,1.0,1.39,8117.599999999999
H100 • 8 GPUs • 1h (spot) • 100% util,H100,1 hour,8,1.0,1.39,8117.599999999999
H100 • 8 GPUs • 1h (spot) • 100% util,H100,1 hour,8,1.0,1.39,8117.599999999999
H100 • 8 GPUs • 1h (spot) • 100% util,H100,1 hour,8,1.0,1.4,8175.999999999999
H100 • 8 GPUs • 1h (spot) • 100% util,H100,1 hour,8,1.0,1.41,8234.4
H100 • 8 GPUs • 1h (spot) • 100% util,H100,1 hour,8,1.0,1.41,8234.4
H100 • 8 GPUs • 1h (spot) • 100% util,H100,1 hour,8,1.0,1.39,8117.599999999999
H100 • 8 GPUs • 1h (spot) • 100% util,H100,1 hour,8,1.0,1.41,8234.4
H100 • 8 GPUs • 1h (spot) • 100% util,H100,1 hour,8,1.0,1.41,8234.4
H100 • 8 GPUs • 1h (spot) • 100% util,H100,1 hour,8,1.0,1.41,8234.4
H100 • 8 GPUs • 1h (spot) • 100% util,H100,1 hour,8,1.0,1.39,8117.599999999999
H100 • 8 GPUs • 1h (spot) • 100% util,H100,1 hour,8,1.0,1.41,8234.4
H100 • 8 GPUs • 1h (spot) • 100% util,H100,1 hour,8,1.0,1.39,8117.599999999999
H100 • 8 GPUs • 1h (spot) • 100% util,H100,1 hour,8,1.0,1.41,8234.4
H100 • 8 GPUs • 1h (spot) • 100% util,H100,1 hour,8,1.0,1.41,8234.4
H100 • 8 GPUs • 1h (spot) • 100% util,H100,1 hour,8,1.0,1.41,8234.4
H100 • 8 GPUs • 1h (spot) • 100% util,H100,1 hour,8,1.0,1.39,8117.599999999999
H100 • 8 GPUs • 1h (spot) • 100% util,H100,1 hour,8,1.0,1.41,8234.4
H100 • 8 GPUs • 1h (spot) • 100% util,H100,1 hour,8,1.0,1.41,8234.4
H100 • 8 GPUs • 1h (spot) • 100% util,H100,1 hour,8,1.0,1.41,8234.4
H100 • 8 GPUs • 1h (spot) • 100% util,H100,1 hour,8,1.0,1.41,8234.4
H100 • 8 GPUs • 1h (spot) • 100% util,H100,1 hour,8,1.0,1.41,8234.4
H100 • 8 GPUs • 1h (spot) • 100% util,H100,1 hour,8,1.0,1.41,8234.4
H100 • 8 GPUs • 1h (spot) • 100% util,H100,1 hour,8,1.0,1.41,8234.4
H100 • 8 GPUs • 1h (spot) • 100% util,H100,1 hour,8,1.0,1.41,8234.4
H100 • 8 GPUs • 1h (spot) • 100% util,H100,1 hour,8,1.0,1.41,8234.4
H100 • 8 GPUs • 1h (spot) • 100% util,H100,1 hour,8,1.0,1.41,8234.4
H100 • 8 GPUs • 1h (spot) • 100% util,H100,1 hour,8,1.0,1.41,8234.4
H100 • 8 GPUs • 1h (spot) • 100% util,H100,1 hour,8,1.0,1.41,8234.4
H100 • 8 GPUs • 1h (spot) • 100% util,H100,1 hour,8,1.0,1.41,8234.4
H100 • 8 GPUs • 1h (spot) • 100% util,H100,1 hour,8,1.0,1.39,8117.599999999999
H100 • 8 GPUs • 1h (spot) • 100% util,H100,1 hour,8,1.0,1.41,8234.4
H100 • 8 GPUs • 1h (spot) • 100% util,H100,1 hour,8,1.0,1.39,8117.599999999999
H100 • 8 GPUs • 1h (spot) • 100% util,H100,1 hour,8,1.0,1.41,8234.4
H100 • 8 GPUs • 1h (spot) • 100% util,H100,1 hour,8,1.0,1.41,8234.4
H100 • 8 GPUs • 1h (spot) • 100% util,H100,1 hour,8,1.0,1.41,8234.4
H100 • 8 GPUs • 1h (spot) • 100% util,H100,1 hour,8,1.0,1.41,8234.4
H100 • 8 GPUs • 1h (spot) • 100% util,H100,1 hour,8,1.0,1.41,8234.4
H100 • 8 GPUs • 1h (spot) • 100% util,H100,1 hour,8,1.0,1.4,8175.999999999999
H100 • 8 GPUs • 1h (spot) • 100% util,H100,1 hour,8,1.0,1.4,8175.999999999999
H100 • 8 GPUs • 1h (spot) • 100% util,H100,1 hour,8,1.0,1.39,8117.599999999999
H100 • 8 GPUs • 1h (spot) • 100% util,H100,1 hour,8,1.0,1.4,8175.999999999999
H100 • 8 GPUs • 1h (spot) • 100% util,H100,1 hour,8,1.0,1.4,8175.999999999999
H100 • 8 GPUs • 1h (spot) • 100% util,H100,1 hour,8,1.0,1.4,8175.999999999999
H100 • 8 GPUs • 1h (spot) • 100% util,H100,1 hour,8,1.0,1.4,8175.999999999999
H100 • 8 GPUs • 1h (spot) • 100% util,H100,1 hour,8,1.0,1.4,8175.999999999999
H100 • 8 GPUs • 1h (spot) • 100% util,H100,1 hour,8,1.0,1.4,8175.999999999999
H100 • 8 GPUs • 1h (spot) • 100% util,H100,1 hour,8,1.0,1.4,8175.999999999999
H100 • 8 GPUs • 1h (spot) • 100% util,H100,1 hour,8,1.0,1.4,8175.999999999999
H100 • 8 GPUs • 1h (spot) • 100% util,H100,1 hour,8,1.0,1.4,8175.999999999999
H100 • 8 GPUs • 1h (spot) • 100% util,H100,1 hour,8,1.0,1.4,8175.999999999999
H100 • 8 GPUs • 1h (spot) • 100% util,H100,1 hour,8,1.0,1.4,8175.999999999999
H100 • 8 GPUs • 1h (spot) • 100% util,H100,1 hour,8,1.0,1.4,8175.999999999999
H100 • 8 GPUs • 1h (spot) • 100% util,H100,1 hour,8,1.0,1.4,8175.999999999999
H100 • 8 GPUs • 1h (spot) • 100% util,H100,1 hour,8,1.0,1.4,8175.999999999999
H100 • 8 GPUs • 1h (spot) • 100% util,H100,1 hour,8,1.0,1.4,8175.999999999999
H100 • 8 GPUs • 1h (spot) • 100% util,H100,1 hour,8,1.0,1.4,8175.999999999999
H100 • 8 GPUs • 1h (spot) • 100% util,H100,1 hour,8,1.0,1.4,8175.999999999999
H100 • 8 GPUs • 1h (spot) • 100% util,H100,1 hour,8,1.0,1.4,8175.999999999999
H100 • 8 GPUs • 1h (spot) • 100% util,H100,1 hour,8,1.0,1.4,8175.999999999999
H100 • 8 GPUs • 1h (spot) • 100% util,H100,1 hour,8,1.0,1.4,8175.999999999999
H100 • 8 GPUs • 1h (spot) • 100% util,H100,1 hour,8,1.0,1.4,8175.999999999999
H100 • 8 GPUs • 1h (spot) • 100% util,H100,1 hour,8,1.0,1.4,8175.999999999999
H100 • 8 GPUs • 1h (spot) • 100% util,H100,1 hour,8,1.0,1.4,8175.999999999999
H100 • 8 GPUs • 1h (spot) • 100% util,H100,1 hour,8,1.0,1.4,8175.999999999999
H100 • 8 GPUs • 1h (spot) • 100% util,H100,1 hour,8,1.0,1.4,8175.999999999999
H100 • 8 GPUs • 1h (spot) • 100% util,H100,1 hour,8,1.0,1.4,8175.999999999999
H100 • 8 GPUs • 1h (spot) • 100% util,H100,1 hour,8,1.0,1.4,8175.999999999999
H100 • 8 GPUs • 1h (spot) • 100% util,H100,1 hour,8,1.0,1.39,8117.599999999999
H100 • 8 GPUs • 1h (spot) • 100% util,H100,1 hour,8,1.0,1.4,8175.999999999999
H100 • 8 GPUs • 1h (spot) • 100% util,H100,1 hour,8,1.0,1.39,8117.599999999999
H100 • 8 GPUs • 1h (spot) • 100% util,H100,1 hour,8,1.0,1.4,8175.999999999999
H100 • 8 GPUs • 1h (spot) • 100% util,H100,1 hour,8,1.0,1.4,8175.999999999999
H100 • 8 GPUs • 1h (spot) • 100% util,H100,1 hour,8,1.0,1.4,8175.999999999999
H100 • 8 GPUs • 1h (spot) • 100% util,H100,1 hour,8,1.0,1.4,8175.999999999999
H100 • 8 GPUs • 1h (spot) • 100% util,H100,1 hour,8,1.0,1.4,8175.999999999999
H100 • 8 GPUs • 1h (spot) • 100% util,H100,1 hour,8,1.0,1.4,8175.999999999999
H100 • 8 GPUs • 1h (spot) • 100% util,H100,1 hour,8,1.0,1.4,8175.999999999999
H100 • 8 GPUs • 1h (spot) • 100% util,H100,1 hour,8,1.0,1.4,8175.999999999999
H100 • 8 GPUs • 1h (spot) • 100% util,H100,1 hour,8,1.0,1.4,8175.999999999999
H100 • 8 GPUs • 1h (spot) • 100% util,H100,1 hour,8,1.0,1.4,8175.999999999999
H100 • 8 GPUs • 1h (spot) • 100% util,H100,1 hour,8,1.0,1.4,8175.999999999999
H100 • 8 GPUs • 1h (spot) • 100% util,H100,1 hour,8,1.0,1.4,8175.999999999999
H100 • 8 GPUs • 1h (spot) • 100% util,H100,1 hour,8,1.0,1.4,8175.999999999999
H100 • 8 GPUs • 1h (spot) • 100% util,H100,1 hour,8,1.0,1.4,8175.999999999999
H100 • 8 GPUs • 1h (spot) • 100% util,H100,1 hour,8,1.0,1.4,8175.999999999999
H100 • 8 GPUs • 1h (spot) • 100% util,H100,1 hour,8,1.0,1.4,8175.999999999999
H100 • 8 GPUs • 1h (spot) • 100% util,H100,1 hour,8,1.0,1.4,8175.999999999999
H100 • 8 GPUs • 1h (spot) • 100% util,H100,1 hour,8,1.0,1.4,8175.999999999999
H100 • 8 GPUs • 1h (spot) • 100% util,H100,1 hour,8,1.0,1.4,8175.999999999999
H100 • 8 GPUs • 1h (spot) • 100% util,H100,1 hour,8,1.0,1.4,8175.999999999999
H100 • 8 GPUs • 1h (spot) • 100% util,H100,1 hour,8,1.0,1.39,8117.599999999999
H100 • 8 GPUs • 1h (spot) • 100% util,H100,1 hour,8,1.0,1.4,8175.999999999999
H100 • 8 GPUs • 1h (spot) • 100% util,H100,1 hour,8,1.0,1.39,8117.599999999999
H100 • 8 GPUs • 1h (spot) • 100% util,H100,1 hour,8,1.0,1.4,8175.999999999999
H100 • 8 GPUs • 1h (spot) • 100% util,H100,1 hour,8,1.0,1.39,8117.599999999999
H100 • 8 GPUs • 1h (spot) • 100% util,H100,1 hour,8,1.0,1.39,8117.599999999999
H100 • 8 GPUs • 1h (spot) • 100% util,H100,1 hour,8,1.0,1.39,8117.599999999999
H100 • 8 GPUs • 1h (spot) • 100% util,H100,1 hour,8,1.0,1.39,8117.599999999999
H100 • 8 GPUs • 1h (spot) • 100% util,H100,1 hour,8,1.0,1.39,8117.599999999999
H100 • 8 GPUs • 1h (spot) • 100% util,H100,1 hour,8,1.0,1.39,8117.599999999999
H100 • 8 GPUs • 1h (spot) • 100% util,H100,1 hour,8,1.0,1.39,8117.599999999999
H100 • 8 GPUs • 1h (spot) • 100% util,H100,1 hour,8,1.0,1.4,8175.999999999999
H100 • 8 GPUs • 1h (spot) • 100% util,H100,1 hour,8,1.0,1.4,8175.999999999999
H100 • 8 GPUs • 1h (spot) • 100% util,H100,1 hour,8,1.0,1.4,8175.999999999999
H100 • 8 GPUs • 1h (spot) • 100% util,H100,1 hour,8,1.0,1.4,8175.999999999999
H100 • 8 GPUs • 1h (spot) • 100% util,H100,1 hour,8,1.0,1.4,8175.999999999999
H100 • 8 GPUs • 1h (spot) • 100% util,H100,1 hour,8,1.0,1.4,8175.999999999999
H100 • 8 GPUs • 1h (spot) • 100% util,H100,1 hour,8,1.0,1.4,8175.999999999999
H100 • 8 GPUs • 1h (spot) • 100% util,H100,1 hour,8,1.0,1.4,8175.999999999999
H100 • 8 GPUs • 1h (spot) • 100% util,H100,1 hour,8,1.0,1.4,8175.999999999999
H100 • 8 GPUs • 1h (spot) • 100% util,H100,1 hour,8,1.0,1.4,8175.999999999999
H100 • 8 GPUs • 1h (spot) • 100% util,H100,1 hour,8,1.0,1.4,8175.999999999999
H100 • 8 GPUs • 1h (spot) • 100% util,H100,1 hour,8,1.0,1.4,8175.999999999999
H100 • 8 GPUs • 1h (spot) • 100% util,H100,1 hour,8,1.0,1.4,8175.999999999999
H100 • 8 GPUs • 1h (spot) • 100% util,H100,1 hour,8,1.0,1.4,8175.999999999999
H100 • 8 GPUs • 1h (spot) • 100% util,H100,1 hour,8,1.0,1.4,8175.999999999999
H100 • 8 GPUs • 1h (spot) • 100% util,H100,1 hour,8,1.0,1.4,8175.999999999999
H100 • 8 GPUs • 1h (spot) • 100% util,H100,1 hour,8,1.0,1.4,8175.999999999999
H100 • 8 GPUs • 1h (spot) • 100% util,H100,1 hour,8,1.0,1.4,8175.999999999999
H100 • 8 GPUs • 1h (spot) • 100% util,H100,1 hour,8,1.0,1.4,8175.999999999999
H100 • 8 GPUs • 1h (spot) • 100% util,H100,1 hour,8,1.0,1.4,8175.999999999999
H100 • 8 GPUs • 1h (spot) • 100% util,H100,1 hour,8,1.0,1.4,8175.999999999999
H100 • 8 GPUs • 1h (spot) • 100% util,H100,1 hour,8,1.0,1.4,8175.999999999999
H100 • 8 GPUs • 1h (spot) • 100% util,H100,1 hour,8,1.0,1.41,8234.4
H100 • 8 GPUs • 1h (spot) • 100% util,H100,1 hour,8,1.0,1.39,8117.599999999999
H100 • 8 GPUs • 1h (spot) • 100% util,H100,1 hour,8,1.0,1.4,8175.999999999999
H100 • 8 GPUs • 1h (spot) • 100% util,H100,1 hour,8,1.0,1.4,8175.999999999999
H100 • 8 GPUs • 1h (spot) • 100% util,H100,1 hour,8,1.0,1.4,8175.999999999999
H100 • 8 GPUs • 1h (spot) • 100% util,H100,1 hour,8,1.0,1.39,8117.599999999999
H100 • 8 GPUs • 1h (spot) • 100% util,H100,1 hour,8,1.0,1.41,8234.4
H100 • 8 GPUs • 1h (spot) • 100% util,H100,1 hour,8,1.0,1.41,8234.4
H100 • 8 GPUs • 1h (spot) • 100% util,H100,1 hour,8,1.0,1.41,8234.4
H100 • 8 GPUs • 1h (spot) • 100% util,H100,1 hour,8,1.0,1.4,8175.999999999999
H100 • 8 GPUs • 1h (spot) • 100% util,H100,1 hour,8,1.0,1.41,8234.4
H100 • 8 GPUs • 1h (spot) • 100% util,H100,1 hour,8,1.0,1.41,8234.4
H100 • 8 GPUs • 1h (spot) • 100% util,H100,1 hour,8,1.0,1.41,8234.4
H100 • 8 GPUs • 1h (spot) • 100% util,H100,1 hour,8,1.0,1.4,8175.999999999999
H100 • 8 GPUs • 1h (spot) • 100% util,H100,1 hour,8,1.0,1.39,8117.599999999999
H100 • 8 GPUs • 1h (spot) • 100% util,H100,1 hour,8,1.0,1.4,8175.999999999999
H100 • 8 GPUs • 1h (spot) • 100% util,H100,1 hour,8,1.0,1.4,8175.999999999999
H100 • 8 GPUs • 1h (spot) • 100% util,H100,1 hour,8,1.0,1.4,8175.999999999999
H100 • 8 GPUs • 1h (spot) • 100% util,H100,1 hour,8,1.0,1.4,8175.999999999999
H100 • 8 GPUs • 1h (spot) • 100% util,H100,1 hour,8,1.0,1.4,8175.999999999999
H100 • 8 GPUs • 1h (spot) • 100% util,H100,1 hour,8,1.0,1.4,8175.999999999999
H100 • 8 GPUs • 1h (spot) • 100% util,H100,1 hour,8,1.0,1.4,8175.999999999999
H100 • 8 GPUs • 1h (spot) • 100% util,H100,1 hour,8,1.0,1.4,8175.999999999999
H100 • 8 GPUs • 1h (spot) • 100% util,H100,1 hour,8,1.0,1.4,8175.999999999999
H100 • 8 GPUs • 1h (spot) • 100% util,H100,1 hour,8,1.0,1.4,8175.999999999999
H100 • 8 GPUs • 1h (spot) • 100% util,H100,1 hour,8,1.0,1.4,8175.999999999999
H100 • 8 GPUs • 1h (spot) • 100% util,H100,1 hour,8,1.0,1.39,8117.599999999999
H100 • 8 GPUs • 1h (spot) • 100% util,H100,1 hour,8,1.0,1.39,8117.599999999999
H100 • 8 GPUs • 1h (spot) • 100% util,H100,1 hour,8,1.0,1.4,8175.999999999999
H100 • 8 GPUs • 1h (spot) • 100% util,H100,1 hour,8,1.0,1.39,8117.599999999999
H100 • 8 GPUs • 1h (spot) • 100% util,H100,1 hour,8,1.0,1.4,8175.999999999999
H100 • 8 GPUs • 1h (spot) • 100% util,H100,1 hour,8,1.0,1.4,8175.999999999999
H100 • 8 GPUs • 1h (spot) • 100% util,H100,1 hour,8,1.0,1.4,8175.999999999999
H100 • 8 GPUs • 1h (spot) • 100% util,H100,1 hour,8,1.0,1.4,8175.999999999999
H100 • 8 GPUs • 1h (spot) • 100% util,H100,1 hour,8,1.0,1.4,8175.999999999999
H100 • 8 GPUs • 1h (spot) • 100% util,H100,1 hour,8,1.0,1.4,8175.999999999999
H100 • 8 GPUs • 1h (spot) • 100% util,H100,1 hour,8,1.0,1.4,8175.999999999999
H100 • 8 GPUs • 1h (spot) • 100% util,H100,1 hour,8,1.0,1.39,8117.599999999999
H100 • 8 GPUs • 1h (spot) • 100% util,H100,1 hour,8,1.0,1.39,8117.599999999999
H100 • 8 GPUs • 1h (spot) • 100% util,H100,1 hour,8,1.0,1.39,8117.599999999999
H100 • 8 GPUs • 1h (spot) • 100% util,H100,1 hour,8,1.0,1.41,8234.4
H100 • 8 GPUs • 1h (spot) • 100% util,H100,1 hour,8,1.0,1.41,8234.4
H100 • 8 GPUs • 1h (spot) • 100% util,H100,1 hour,8,1.0,1.39,8117.599999999999
H100 • 8 GPUs • 1h (spot) • 100% util,H100,1 hour,8,1.0,1.41,8234.4
H100 • 8 GPUs • 1h (spot) • 100% util,H100,1 hour,8,1.0,1.39,8117.599999999999
H100 • 8 GPUs • 1h (spot) • 100% util,H100,1 hour,8,1.0,1.41,8234.4
H100 • 8 GPUs • 1h (spot) • 100% util,H100,1 hour,8,1.0,1.41,8234.4
H100 • 8 GPUs • 1h (spot) • 100% util,H100,1 hour,8,1.0,1.41,8234.4
H100 • 8 GPUs • 1h (spot) • 100% util,H100,1 hour,8,1.0,1.41,8234.4
H100 • 8 GPUs • 1h (spot) • 100% util,H100,1 hour,8,1.0,1.41,8234.4
H100 • 8 GPUs • 1h (spot) • 100% util,H100,1 hour,8,1.0,1.4,8175.999999999999
H100 • 8 GPUs • 1h (spot) • 100% util,H100,1 hour,8,1.0,1.4,8175.999999999999
H100 • 8 GPUs • 1h (spot) • 100% util,H100,1 hour,8,1.0,1.4,8175.999999999999
H100 • 8 GPUs • 1h (spot) • 100% util,H100,1 hour,8,1.0,1.4,8175.999999999999
H100 • 8 GPUs • 1h (spot) • 100% util,H100,1 hour,8,1.0,1.4,8175.999999999999
H100 • 8 GPUs • 1h (spot) • 100% util,H100,1 hour,8,1.0,1.4,8175.999999999999
H100 • 8 GPUs • 1h (spot) • 100% util,H100,1 hour,8,1.0,1.4,8175.999999999999
H100 • 8 GPUs • 1h (spot) • 100% util,H100,1 hour,8,1.0,1.4,8175.999999999999
H100 • 8 GPUs • 1h (spot) • 100% util,H100,1 hour,8,1.0,1.4,8175.999999999999
H100 • 8 GPUs • 1h (spot) • 100% util,H100,1 hour,8,1.0,1.4,8175.999999999999
H100 • 8 GPUs • 1h (spot) • 100% util,H100,1 hour,8,1.0,1.4,8175.999999999999
H100 • 8 GPUs • 1h (spot) • 100% util,H100,1 hour,8,1.0,1.4,8175.999999999999
H100 • 8 GPUs • 1h (spot) • 100% util,H100,1 hour,8,1.0,1.4,8175.999999999999
H100 • 8 GPUs • 1h (spot) • 100% util,H100,1 hour,8,1.0,1.4,8175.999999999999
H100 • 8 GPUs • 1h (spot) • 100% util,H100,1 hour,8,1.0,1.4,8175.999999999999
H100 • 8 GPUs • 1h (spot) • 100% util,H100,1 hour,8,1.0,1.4,8175.999999999999
H100 • 8 GPUs • 1h (spot) • 100% util,H100,1 hour,8,1.0,1.4,8175.999999999999
H100 • 8 GPUs • 1h (spot) • 100% util,H100,1 hour,8,1.0,1.4,8175.999999999999
H100 • 8 GPUs • 1h (spot) • 100% util,H100,1 hour,8,1.0,1.4,8175.999999999999
H100 • 8 GPUs • 1h (spot) • 100% util,H100,1 hour,8,1.0,1.4,8175.999999999999
H100 • 8 GPUs • 1h (spot) • 100% util,H100,1 hour,8,1.0,1.4,8175.999999999999
H100 • 8 GPUs • 1h (spot) • 100% util,H100,1 hour,8,1.0,1.4,8175.999999999999
H100 • 8 GPUs • 1h (spot) • 100% util,H100,1 hour,8,1.0,1.4,8175.999999999999
H100 • 8 GPUs • 1h (spot) • 100% util,H100,1 hour,8,1.0,1.4,8175.999999999999
H100 • 8 GPUs • 1h (spot) • 100% util,H100,1 hour,8,1.0,1.4,8175.999999999999
H100 • 8 GPUs • 1h (spot) • 100% util,H100,1 hour,8,1.0,1.4,8175.999999999999
H100 • 8 GPUs • 1h (spot) • 100% util,H100,1 hour,8,1.0,1.4,8175.999999999999
H100 • 8 GPUs • 1h (spot) • 100% util,H100,1 hour,8,1.0,1.4,8175.999999999999
H100 • 8 GPUs • 1h (spot) • 100% util,H100,1 hour,8,1.0,1.4,8175.999999999999
H100 • 8 GPUs • 1h (spot) • 100% util,H100,1 hour,8,1.0,1.4,8175.999999999999
H100 • 8 GPUs • 1h (spot) • 100% util,H100,1 hour,8,1.0,1.4,8175.999999999999
H100 • 8 GPUs • 1h (spot) • 100% util,H100,1 hour,8,1.0,1.4,8175.999999999999
H100 • 8 GPUs • 1h (spot) • 100% util,H100,1 hour,8,1.0,1.4,8175.999999999999
H100 • 8 GPUs • 1h (spot) • 100% util,H100,1 hour,8,1.0,1.4,8175.999999999999
H100 • 8 GPUs • 1h (spot) • 100% util,H100,1 hour,8,1.0,1.4,8175.999999999999
H100 • 8 GPUs • 1h (spot) • 100% util,H100,1 hour,8,1.0,1.4,8175.999999999999
H100 • 8 GPUs • 1h (spot) • 100% util,H100,1 hour,8,1.0,1.39,8117.599999999999
H100 • 8 GPUs • 1h (spot) • 100% util,H100,1 hour,8,1.0,1.39,8117.599999999999
H100 • 8 GPUs • 1h (spot) • 100% util,H100,1 hour,8,1.0,1.59,9285.6
H100 • 8 GPUs • 1h (spot) • 100% util,H100,1 hour,8,1.0,1.4,8175.999999999999
H100 • 8 GPUs • 1h (spot) • 100% util,H100,1 hour,8,1.0,1.4,8175.999999999999
H100 • 8 GPUs • 1h (spot) • 100% util,H100,1 hour,8,1.0,1.4,8175.999999999999
H100 • 8 GPUs • 1h (spot) • 100% util,H100,1 hour,8,1.0,1.4,8175.999999999999
H100 • 8 GPUs • 1h (spot) • 100% util,H100,1 hour,8,1.0,1.4,8175.999999999999
H100 • 8 GPUs • 1h (spot) • 100% util,H100,1 hour,8,1.0,1.4,8175.999999999999
H100 • 8 GPUs • 1h (spot) • 100% util,H100,1 hour,8,1.0,1.4,8175.999999999999
H100 • 8 GPUs • 1h (spot) • 100% util,H100,1 hour,8,1.0,1.4,8175.999999999999
H100 • 8 GPUs • 1h (spot) • 100% util,H100,1 hour,8,1.0,1.39,8117.599999999999
H100 • 8 GPUs • 1h (spot) • 100% util,H100,1 hour,8,1.0,1.4,8175.999999999999
H100 • 8 GPUs • 1h (spot) • 100% util,H100,1 hour,8,1.0,1.4,8175.999999999999
H100 • 8 GPUs • 1h (spot) • 100% util,H100,1 hour,8,1.0,1.39,8117.599999999999
H100 • 8 GPUs • 1h (spot) • 100% util,H100,1 hour,8,1.0,1.39,8117.599999999999
H100 • 8 GPUs • 1h (spot) • 100% util,H100,1 hour,8,1.0,1.39,8117.599999999999
H100 • 8 GPUs • 1h (spot) • 100% util,H100,1 hour,8,1.0,1.41,8234.4
H100 • 8 GPUs • 1h (spot) • 100% util,H100,1 hour,8,1.0,1.41,8234.4
H100 • 8 GPUs • 1h (spot) • 100% util,H100,1 hour,8,1.0,1.41,8234.4
H100 • 8 GPUs • 1h (spot) • 100% util,H100,1 hour,8,1.0,1.39,8117.599999999999
H100 • 8 GPUs • 1h (spot) • 100% util,H100,1 hour,8,1.0,1.39,8117.599999999999
H100 • 8 GPUs • 1h (spot) • 100% util,H100,1 hour,8,1.0,1.4,8175.999999999999
H100 • 8 GPUs • 1h (spot) • 100% util,H100,1 hour,8,1.0,1.4,8175.999999999999
H100 • 8 GPUs • 1h (spot) • 100% util,H100,1 hour,8,1.0,1.41,8234.4
H100 • 8 GPUs • 1h (spot) • 100% util,H100,1 hour,8,1.0,1.4,8175.999999999999
H100 • 8 GPUs • 1h (spot) • 100% util,H100,1 hour,8,1.0,1.4,8175.999999999999
H100 • 8 GPUs • 1h (spot) • 100% util,H100,1 hour,8,1.0,1.39,8117.599999999999
H100 • 8 GPUs • 1h (spot) • 100% util,H100,1 hour,8,1.0,1.4,8175.999999999999
H100 • 8 GPUs • 1h (spot) • 100% util,H100,1 hour,8,1.0,1.4,8175.999999999999
H100 • 8 GPUs • 1h (spot) • 100% util,H100,1 hour,8,1.0,1.4,8175.999999999999
H100 • 8 GPUs • 1h (spot) • 100% util,H100,1 hour,8,1.0,1.4,8175.999999999999
H100 • 8 GPUs • 1h (spot) • 100% util,H100,1 hour,8,1.0,1.39,8117.599999999999
H100 • 8 GPUs • 1h (spot) • 100% util,H100,1 hour,8,1.0,1.39,8117.599999999999
H100 • 8 GPUs • 1h (spot) • 100% util,H100,1 hour,8,1.0,1.4,8175.999999999999
H100 • 8 GPUs • 1h (spot) • 100% util,H100,1 hour,8,1.0,1.4,8175.999999999999
H100 • 8 GPUs • 1h (spot) • 100% util,H100,1 hour,8,1.0,1.4,8175.999999999999
H100 • 8 GPUs • 1h (spot) • 100% util,H100,1 hour,8,1.0,1.4,8175.999999999999
H100 • 8 GPUs • 1h (spot) • 100% util,H100,1 hour,8,1.0,1.4,8175.999999999999
H100 • 8 GPUs • 1h (spot) • 100% util,H100,1 hour,8,1.0,1.38,8059.2
H100 • 8 GPUs • 1h (spot) • 100% util,H100,1 hour,8,1.0,1.39,8117.599999999999
H100 • 8 GPUs • 1h (spot) • 100% util,H100,1 hour,8,1.0,1.4,8175.999999999999
H100 • 8 GPUs • 1h (spot) • 100% util,H100,1 hour,8,1.0,1.4,8175.999999999999
H100 • 8 GPUs • 1h (spot) • 100% util,H100,1 hour,8,1.0,1.39,8117.599999999999
H100 • 8 GPUs • 1h (spot) • 100% util,H100,1 hour,8,1.0,1.4,8175.999999999999
H100 • 8 GPUs • 1h (spot) • 100% util,H100,1 hour,8,1.0,1.4,8175.999999999999
H100 • 8 GPUs • 1h (spot) • 100% util,H100,1 hour,8,1.0,1.4,8175.999999999999
H100 • 8 GPUs • 1h (spot) • 100% util,H100,1 hour,8,1.0,1.39,8117.599999999999
H100 • 8 GPUs • 1h (spot) • 100% util,H100,1 hour,8,1.0,1.41,8234.4
H100 • 8 GPUs • 1h (spot) • 100% util,H100,1 hour,8,1.0,1.41,8234.4
H100 • 8 GPUs • 1h (spot) • 100% util,H100,1 hour,8,1.0,1.41,8234.4
H100 • 8 GPUs • 1h (spot) • 100% util,H100,1 hour,8,1.0,1.41,8234.4
H100 • 8 GPUs • 1h (spot) • 100% util,H100,1 hour,8,1.0,1.41,8234.4
H100 • 8 GPUs • 1h (spot) • 100% util,H100,1 hour,8,1.0,1.4,8175.999999999999
H100 • 8 GPUs • 1h (spot) • 100% util,H100,1 hour,8,1.0,1.4,8175.999999999999
H100 • 8 GPUs • 1h (spot) • 100% util,H100,1 hour,8,1.0,1.4,8175.999999999999
H100 • 8 GPUs • 1h (spot) • 100% util,H100,1 hour,8,1.0,1.4,8175.999999999999
H100 • 8 GPUs • 1h (spot) • 100% util,H100,1 hour,8,1.0,1.4,8175.999999999999
H100 • 8 GPUs • 1h (spot) • 100% util,H100,1 hour,8,1.0,1.4,8175.999999999999
H100 • 8 GPUs • 1h (spot) • 100% util,H100,1 hour,8,1.0,1.4,8175.999999999999
H100 • 8 GPUs • 1h (spot) • 100% util,H100,1 hour,8,1.0,1.4,8175.999999999999
H100 • 8 GPUs • 1h (spot) • 100% util,H100,1 hour,8,1.0,1.4,8175.999999999999
H100 • 8 GPUs • 1h (spot) • 100% util,H100,1 hour,8,1.0,1.4,8175.999999999999
H100 • 8 GPUs • 1h (spot) • 100% util,H100,1 hour,8,1.0,1.4,8175.999999999999
H100 • 8 GPUs • 1h (spot) • 100% util,H100,1 hour,8,1.0,1.4,8175.999999999999
H100 • 8 GPUs • 1h (spot) • 100% util,H100,1 hour,8,1.0,1.4,8175.999999999999
H100 • 8 GPUs • 1h (spot) • 100% util,H100,1 hour,8,1.0,1.4,8175.999999999999
H100 • 8 GPUs • 1h (spot) • 100% util,H100,1 hour,8,1.0,1.4,8175.999999999999
H100 • 8 GPUs • 1h (spot) • 100% util,H100,1 hour,8,1.0,1.4,8175.999999999999
H100 • 8 GPUs • 1h (spot) • 100% util,H100,1 hour,8,1.0,1.4,8175.999999999999
H100 • 8 GPUs • 1h (spot) • 100% util,H100,1 hour,8,1.0,1.4,8175.999999999999
H100 • 8 GPUs • 1h (spot) • 100% util,H100,1 hour,8,1.0,1.4,8175.999999999999
H100 • 8 GPUs • 1h (spot) • 100% util,H100,1 hour,8,1.0,1.4,8175.999999999999
H100 • 8 GPUs • 1h (spot) • 100% util,H100,1 hour,8,1.0,1.4,8175.999999999999
H100 • 8 GPUs • 1h (spot) • 100% util,H100,1 hour,8,1.0,1.4,8175.999999999999
H100 • 8 GPUs • 1h (spot) • 100% util,H100,1 hour,8,1.0,1.4,8175.999999999999
H100 • 8 GPUs • 1h (spot) • 100% util,H100,1 hour,8,1.0,1.4,8175.999999999999
H100 • 8 GPUs • 1h (spot) • 100% util,H100,1 hour,8,1.0,1.4,8175.999999999999
H100 • 8 GPUs • 1h (spot) • 100% util,H100,1 hour,8,1.0,1.4,8175.999999999999
H100 • 8 GPUs • 1h (spot) • 100% util,H100,1 hour,8,1.0,1.4,8175.999999999999
H100 • 8 GPUs • 1h (spot) • 100% util,H100,1 hour,8,1.0,1.4,8175.999999999999
H100 • 8 GPUs • 1h (spot) • 100% util,H100,1 hour,8,1.0,1.4,8175.999999999999
H100 • 8 GPUs • 1h (spot) • 100% util,H100,1 hour,8,1.0,1.4,8175.999999999999
H100 • 8 GPUs • 1h (spot) • 100% util,H100,1 hour,8,1.0,1.4,8175.999999999999
H100 • 8 GPUs • 1h (spot) • 100% util,H100,1 hour,8,1.0,1.4,8175.999999999999
H100 • 8 GPUs • 1h (spot) • 100% util,H100,1 hour,8,1.0,1.4,8175.999999999999
H100 • 8 GPUs • 1h (spot) • 100% util,H100,1 hour,8,1.0,1.42,8292.8
H100 • 8 GPUs • 1h (spot) • 100% util,H100,1 hour,8,1.0,1.42,8292.8
H100 • 8 GPUs • 1h (spot) • 100% util,H100,1 hour,8,1.0,1.42,8292.8
H100 • 8 GPUs • 1h (spot) • 100% util,H100,1 hour,8,1.0,1.42,8292.8
H100 • 8 GPUs • 1h (spot) • 100% util,H100,1 hour,8,1.0,1.39,8117.599999999999
H100 • 8 GPUs • 1h (spot) • 100% util,H100,1 hour,8,1.0,1.39,8117.599999999999
H100 • 8 GPUs • 1h (spot) • 100% util,H100,1 hour,8,1.0,1.39,8117.599999999999
H100 • 8 GPUs • 1h (spot) • 100% util,H100,1 hour,8,1.0,1.39,8117.599999999999
H100 • 8 GPUs • 1h (spot) • 100% util,H100,1 hour,8,1.0,1.39,8117.599999999999
H100 • 8 GPUs • 1h (spot) • 100% util,H100,1 hour,8,1.0,1.4,8175.999999999999
H100 • 8 GPUs • 1h (spot) • 100% util,H100,1 hour,8,1.0,1.4,8175.999999999999
H100 • 8 GPUs • 1h (spot) • 100% util,H100,1 hour,8,1.0,1.4,8175.999999999999
H100 • 8 GPUs • 1h (spot) • 100% util,H100,1 hour,8,1.0,1.4,8175.999999999999
H100 • 8 GPUs • 1h (spot) • 100% util,H100,1 hour,8,1.0,1.43,8351.199999999999
H100 • 8 GPUs • 1h (spot) • 100% util,H100,1 hour,8,1.0,1.4,8175.999999999999
H100 • 8 GPUs • 1h (spot) • 100% util,H100,1 hour,8,1.0,1.4,8175.999999999999
H100 • 8 GPUs • 1h (spot) • 100% util,H100,1 hour,8,1.0,1.4,8175.999999999999
H100 • 8 GPUs • 1h (spot) • 100% util,H100,1 hour,8,1.0,1.4,8175.999999999999
H100 • 8 GPUs • 1h (spot) • 100% util,H100,1 hour,8,1.0,1.4,8175.999999999999
H100 • 8 GPUs • 1h (spot) • 100% util,H100,1 hour,8,1.0,1.4,8175.999999999999
H100 • 8 GPUs • 1h (spot) • 100% util,H100,1 hour,8,1.0,1.4,8175.999999999999
H100 • 8 GPUs • 1h (spot) • 100% util,H100,1 hour,8,1.0,1.4,8175.999999999999
H100 • 8 GPUs • 1h (spot) • 100% util,H100,1 hour,8,1.0,1.39,8117.599999999999
H100 • 8 GPUs • 1h (spot) • 100% util,H100,1 hour,8,1.0,1.4,8175.999999999999
H100 • 8 GPUs • 1h (spot) • 100% util,H100,1 hour,8,1.0,1.39,8117.599999999999
H100 • 8 GPUs • 1h (spot) • 100% util,H100,1 hour,8,1.0,1.39,8117.599999999999
H100 • 8 GPUs • 1h (spot) • 100% util,H100,1 hour,8,1.0,1.39,8117.599999999999
H100 • 8 GPUs • 1h (spot) • 100% util,H100,1 hour,8,1.0,1.39,8117.599999999999
H100 • 8 GPUs • 1h (spot) • 100% util,H100,1 hour,8,1.0,1.39,8117.599999999999
H100 • 128 GPUs • 1w (reserved) • 80%,H100,1 week,128,0.8,1.4,104652.79999999999
H100 • 128 GPUs • 1w (reserved) • 80%,H100,1 week,128,0.8,1.4,104652.79999999999
H100 • 128 GPUs • 1w (reserved) • 80%,H100,1 week,128,0.8,1.4,104652.79999999999
H100 • 128 GPUs • 1w (reserved) • 80%,H100,1 week,128,0.8,1.4,104652.79999999999
H100 • 128 GPUs • 1w (reserved) • 80%,H100,1 week,128,0.8,1.4,104652.79999999999
H100 • 128 GPUs • 1w (reserved) • 80%,H100,1 week,128,0.8,1.4,104652.79999999999
H100 • 128 GPUs • 1w (reserved) • 80%,H100,1 week,128,0.8,1.4,104652.79999999999
H100 • 128 GPUs • 1w (reserved) • 80%,H100,1 week,128,0.8,1.4,104652.79999999999
H100 • 128 GPUs • 1w (reserved) • 80%,H100,1 week,128,0.8,1.4,104652.79999999999
H100 • 128 GPUs • 1w (reserved) • 80%,H100,1 week,128,0.8,1.4,104652.79999999999
H100 • 128 GPUs • 1w (reserved) • 80%,H100,1 week,128,0.8,1.4,104652.79999999999
H100 • 128 GPUs • 1w (reserved) • 80%,H100,1 week,128,0.8,1.4,104652.79999999999
H100 • 128 GPUs • 1w (reserved) • 80%,H100,1 week,128,0.8,1.4,104652.79999999999
H100 • 128 GPUs • 1w (reserved) • 80%,H100,1 week,128,0.8,1.4,104652.79999999999
H100 • 128 GPUs • 1w (reserved) • 80%,H100,1 week,128,0.8,1.4,104652.79999999999
H100 • 128 GPUs • 1w (reserved) • 80%,H100,1 week,128,0.8,1.4,104652.79999999999
H100 • 128 GPUs • 1w (reserved) • 80%,H100,1 week,128,0.8,1.4,104652.79999999999
H100 • 128 GPUs • 1w (reserved) • 80%,H100,1 week,128,0.8,1.4,104652.79999999999
H100 • 128 GPUs • 1w (reserved) • 80%,H100,1 week,128,0.8,1.4,104652.79999999999
H100 • 128 GPUs • 1w (reserved) • 80%,H100,1 week,128,0.8,1.4,104652.79999999999
H100 • 128 GPUs • 1w (reserved) • 80%,H100,1 week,128,0.8,1.4,104652.79999999999
H100 • 128 GPUs • 1w (reserved) • 80%,H100,1 week,128,0.8,1.4,104652.79999999999
H100 • 128 GPUs • 1w (reserved) • 80%,H100,1 week,128,0.8,1.4,104652.79999999999
H100 • 128 GPUs • 1w (reserved) • 80%,H100,1 week,128,0.8,1.4,104652.79999999999
H100 • 128 GPUs • 1w (reserved) • 80%,H100,1 week,128,0.8,1.4,104652.79999999999
H100 • 128 GPUs • 1w (reserved) • 80%,H100,1 week,128,0.8,1.4,104652.79999999999
H100 • 128 GPUs • 1w (reserved) • 80%,H100,1 week,128,0.8,1.4,104652.79999999999
H100 • 128 GPUs • 1w (reserved) • 80%,H100,1 week,128,0.8,1.4,104652.79999999999
H100 • 128 GPUs • 1w (reserved) • 80%,H100,1 week,128,0.8,1.4,104652.79999999999
H100 • 128 GPUs • 1w (reserved) • 80%,H100,1 week,128,0.8,1.4,104652.79999999999
H100 • 128 GPUs • 1w (reserved) • 80%,H100,1 week,128,0.8,1.4,104652.79999999999
H100 • 128 GPUs • 1w (reserved) • 80%,H100,1 week,128,0.8,1.4,104652.79999999999
H100 • 128 GPUs • 1w (reserved) • 80%,H100,1 week,128,0.8,1.4,104652.79999999999
H100 • 128 GPUs • 1w (reserved) • 80%,H100,1 week,128,0.8,1.4,104652.79999999999
H100 • 128 GPUs • 1w (reserved) • 80%,H100,1 week,128,0.8,1.4,104652.79999999999
H100 • 128 GPUs • 1w (reserved) • 80%,H100,1 week,128,0.8,1.4,104652.79999999999
H100 • 128 GPUs • 1w (reserved) • 80%,H100,1 week,128,0.8,1.4,104652.79999999999
H100 • 128 GPUs • 1w (reserved) • 80%,H100,1 week,128,0.8,1.4,104652.79999999999
H100 • 128 GPUs • 1w (reserved) • 80%,H100,1 week,128,0.8,1.4,104652.79999999999
H100 • 128 GPUs • 1w (reserved) • 80%,H100,1 week,128,0.8,1.4,104652.79999999999
H100 • 128 GPUs • 1w (reserved) • 80%,H100,1 week,128,0.8,1.4,104652.79999999999
H100 • 128 GPUs • 1w (reserved) • 80%,H100,1 week,128,0.8,1.4,104652.79999999999
H100 • 128 GPUs • 1w (reserved) • 80%,H100,1 week,128,0.8,1.4,104652.79999999999
H100 • 128 GPUs • 1w (reserved) • 80%,H100,1 week,128,0.8,1.4,104652.79999999999
H100 • 128 GPUs • 1w (reserved) • 80%,H100,1 week,128,0.8,1.4,104652.79999999999
H100 • 128 GPUs • 1w (reserved) • 80%,H100,1 week,128,0.8,1.4,104652.79999999999
H100 • 128 GPUs • 1w (reserved) • 80%,H100,1 week,128,0.8,1.4,104652.79999999999
H100 • 128 GPUs • 1w (reserved) • 80%,H100,1 week,128,0.8,1.4,104652.79999999999
H100 • 128 GPUs • 1w (reserved) • 80%,H100,1 week,128,0.8,1.4,104652.79999999999
H100 • 128 GPUs • 1w (reserved) • 80%,H100,1 week,128,0.8,1.4,104652.79999999999
H100 • 128 GPUs • 1w (reserved) • 80%,H100,1 week,128,0.8,1.4,104652.79999999999
H100 • 128 GPUs • 1w (reserved) • 80%,H100,1 week,128,0.8,1.4,104652.79999999999
H100 • 128 GPUs • 1w (reserved) • 80%,H100,1 week,128,0.8,1.4,104652.79999999999
H100 • 128 GPUs • 1w (reserved) • 80%,H100,1 week,128,0.8,1.4,104652.79999999999
H100 • 128 GPUs • 1w (reserved) • 80%,H100,1 week,128,0.8,1.4,104652.79999999999
H100 • 128 GPUs • 1w (reserved) • 80%,H100,1 week,128,0.8,1.4,104652.79999999999
H100 • 128 GPUs • 1w (reserved) • 80%,H100,1 week,128,0.8,1.4,104652.79999999999
H100 • 128 GPUs • 1w (reserved) • 80%,H100,1 week,128,0.8,1.4,104652.79999999999
H100 • 128 GPUs • 1w (reserved) • 80%,H100,1 week,128,0.8,1.4,104652.79999999999
H100 • 128 GPUs • 1w (reserved) • 80%,H100,1 week,128,0.8,1.4,104652.79999999999
H100 • 128 GPUs • 1w (reserved) • 80%,H100,1 week,128,0.8,1.4,104652.79999999999
H100 • 128 GPUs • 1w (reserved) • 80%,H100,1 week,128,0.8,1.4,104652.79999999999
H100 • 128 GPUs • 1w (reserved) • 80%,H100,1 week,128,0.8,1.4,104652.79999999999
H100 • 128 GPUs • 1w (reserved) • 80%,H100,1 week,128,0.8,1.4,104652.79999999999
H100 • 128 GPUs • 1w (reserved) • 80%,H100,1 week,128,0.8,1.4,104652.79999999999
H100 • 128 GPUs • 1w (reserved) • 80%,H100,1 week,128,0.8,1.4,104652.79999999999
H100 • 128 GPUs • 1w (reserved) • 80%,H100,1 week,128,0.8,1.4,104652.79999999999
H100 • 128 GPUs • 1w (reserved) • 80%,H100,1 week,128,0.8,1.4,104652.79999999999
H100 • 128 GPUs • 1w (reserved) • 80%,H100,1 week,128,0.8,1.4,104652.79999999999
H100 • 128 GPUs • 1w (reserved) • 80%,H100,1 week,128,0.8,1.4,104652.79999999999
H100 • 128 GPUs • 1w (reserved) • 80%,H100,1 week,128,0.8,1.4,104652.79999999999
H100 • 128 GPUs • 1w (reserved) • 80%,H100,1 week,128,0.8,1.4,104652.79999999999
H100 • 128 GPUs • 1w (reserved) • 80%,H100,1 week,128,0.8,1.4,104652.79999999999
H100 • 128 GPUs • 1w (reserved) • 80%,H100,1 week,128,0.8,1.4,104652.79999999999
H100 • 128 GPUs • 1w (reserved) • 80%,H100,1 week,128,0.8,1.4,104652.79999999999
H100 • 128 GPUs • 1w (reserved) • 80%,H100,1 week,128,0.8,1.4,104652.79999999999
H100 • 128 GPUs • 1w (reserved) • 80%,H100,1 week,128,0.8,1.4,104652.79999999999
H100 • 128 GPUs • 1w (reserved) • 80%,H100,1 week,128,0.8,1.4,104652.79999999999
H100 • 128 GPUs • 1w (reserved) • 80%,H100,1 week,128,0.8,1.4,104652.79999999999
H100 • 128 GPUs • 1w (reserved) • 80%,H100,1 week,128,0.8,1.4,104652.79999999999
H100 • 128 GPUs • 1w (reserved) • 80%,H100,1 week,128,0.8,1.4,104652.79999999999
H100 • 128 GPUs • 1w (reserved) • 80%,H100,1 week,128,0.8,1.4,104652.79999999999
H100 • 128 GPUs • 1w (reserved) • 80%,H100,1 week,128,0.8,1.4,104652.79999999999
H100 • 128 GPUs • 1w (reserved) • 80%,H100,1 week,128,0.8,1.4,104652.79999999999
H100 • 128 GPUs • 1w (reserved) • 80%,H100,1 week,128,0.8,1.4,104652.79999999999
H100 • 128 GPUs • 1w (reserved) • 80%,H100,1 week,128,0.8,1.4,104652.79999999999
H100 • 128 GPUs • 1w (reserved) • 80%,H100,1 week,128,0.8,1.4,104652.79999999999
H100 • 128 GPUs • 1w (reserved) • 80%,H100,1 week,128,0.8,1.4,104652.79999999999
H100 • 128 GPUs • 1w (reserved) • 80%,H100,1 week,128,0.8,1.4,104652.79999999999
H100 • 128 GPUs • 1w (reserved) • 80%,H100,1 week,128,0.8,1.4,104652.79999999999
H100 • 128 GPUs • 1w (reserved) • 80%,H100,1 week,128,0.8,1.4,104652.79999999999
H100 • 128 GPUs • 1w (reserved) • 80%,H100,1 week,128,0.8,1.4,104652.79999999999
H100 • 128 GPUs • 1w (reserved) • 80%,H100,1 week,128,0.8,1.4,104652.79999999999
H100 • 128 GPUs • 1w (reserved) • 80%,H100,1 week,128,0.8,1.4,104652.79999999999
H100 • 128 GPUs • 1w (reserved) • 80%,H100,1 week,128,0.8,1.4,104652.79999999999
H100 • 128 GPUs • 1w (reserved) • 80%,H100,1 week,128,0.8,1.4,104652.79999999999
H100 • 128 GPUs • 1w (reserved) • 80%,H100,1 week,128,0.8,1.4,104652.79999999999
H100 • 128 GPUs • 1w (reserved) • 80%,H100,1 week,128,0.8,1.4,104652.79999999999
H100 • 128 GPUs • 1w (reserved) • 80%,H100,1 week,128,0.8,1.4,104652.79999999999
H100 • 128 GPUs • 1w (reserved) • 80%,H100,1 week,128,0.8,1.4,104652.79999999999
H100 • 128 GPUs • 1w (reserved) • 80%,H100,1 week,128,0.8,1.4,104652.79999999999
H100 • 128 GPUs • 1w (reserved) • 80%,H100,1 week,128,0.8,1.4,104652.79999999999
H100 • 128 GPUs • 1w (reserved) • 80%,H100,1 week,128,0.8,1.4,104652.79999999999
H100 • 128 GPUs • 1w (reserved) • 80%,H100,1 week,128,0.8,1.4,104652.79999999999
H100 • 128 GPUs • 1w (reserved) • 80%,H100,1 week,128,0.8,1.4,104652.79999999999
H100 • 128 GPUs • 1w (reserved) • 80%,H100,1 week,128,0.8,1.4,104652.79999999999
H100 • 128 GPUs • 1w (reserved) • 80%,H100,1 week,128,0.8,1.4,104652.79999999999
H100 • 128 GPUs • 1w (reserved) • 80%,H100,1 week,128,0.8,1.4,104652.79999999999
H100 • 128 GPUs • 1w (reserved) • 80%,H100,1 week,128,0.8,1.4,104652.79999999999
H100 • 128 GPUs • 1w (reserved) • 80%,H100,1 week,128,0.8,1.4,104652.79999999999
H100 • 128 GPUs • 1w (reserved) • 80%,H100,1 week,128,0.8,1.4,104652.79999999999
H100 • 128 GPUs • 1w (reserved) • 80%,H100,1 week,128,0.8,1.4,104652.79999999999
H100 • 128 GPUs • 1w (reserved) • 80%,H100,1 week,128,0.8,1.4,104652.79999999999
H100 • 128 GPUs • 1w (reserved) • 80%,H100,1 week,128,0.8,1.4,104652.79999999999
H100 • 128 GPUs • 1w (reserved) • 80%,H100,1 week,128,0.8,1.4,104652.79999999999
H100 • 128 GPUs • 1w (reserved) • 80%,H100,1 week,128,0.8,1.4,104652.79999999999
H100 • 128 GPUs • 1w (reserved) • 80%,H100,1 week,128,0.8,1.4,104652.79999999999
H100 • 128 GPUs • 1w (reserved) • 80%,H100,1 week,128,0.8,1.4,104652.79999999999
H100 • 128 GPUs • 1w (reserved) • 80%,H100,1 week,128,0.8,1.4,104652.79999999999
H100 • 128 GPUs • 1w (reserved) • 80%,H100,1 week,128,0.8,1.4,104652.79999999999
H100 • 128 GPUs • 1w (reserved) • 80%,H100,1 week,128,0.8,1.4,104652.79999999999
H100 • 128 GPUs • 1w (reserved) • 80%,H100,1 week,128,0.8,1.4,104652.79999999999
H100 • 128 GPUs • 1w (reserved) • 80%,H100,1 week,128,0.8,1.4,104652.79999999999
H100 • 128 GPUs • 1w (reserved) • 80%,H100,1 week,128,0.8,1.4,104652.79999999999
H100 • 128 GPUs • 1w (reserved) • 80%,H100,1 week,128,0.8,1.4,104652.79999999999
H100 • 128 GPUs • 1w (reserved) • 80%,H100,1 week,128,0.8,1.4,104652.79999999999
H100 • 128 GPUs • 1w (reserved) • 80%,H100,1 week,128,0.8,1.4,104652.79999999999
H100 • 128 GPUs • 1w (reserved) • 80%,H100,1 week,128,0.8,1.4,104652.79999999999
H100 • 128 GPUs • 1w (reserved) • 80%,H100,1 week,128,0.8,1.4,104652.79999999999
H100 • 128 GPUs • 1w (reserved) • 80%,H100,1 week,128,0.8,1.4,104652.79999999999
H100 • 128 GPUs • 1w (reserved) • 80%,H100,1 week,128,0.8,1.4,104652.79999999999
H100 • 128 GPUs • 1w (reserved) • 80%,H100,1 week,128,0.8,1.4,104652.79999999999
H100 • 128 GPUs • 1w (reserved) • 80%,H100,1 week,128,0.8,1.4,104652.79999999999
H100 • 128 GPUs • 1w (reserved) • 80%,H100,1 week,128,0.8,1.4,104652.79999999999
H100 • 128 GPUs • 1w (reserved) • 80%,H100,1 week,128,0.8,1.4,104652.79999999999
H100 • 128 GPUs • 1w (reserved) • 80%,H100,1 week,128,0.8,1.4,104652.79999999999
H100 • 128 GPUs • 1w (reserved) • 80%,H100,1 week,128,0.8,1.4,104652.79999999999
H100 • 128 GPUs • 1w (reserved) • 80%,H100,1 week,128,0.8,1.4,104652.79999999999
H100 • 128 GPUs • 1w (reserved) • 80%,H100,1 week,128,0.8,1.4,104652.79999999999
H100 • 128 GPUs • 1w (reserved) • 80%,H100,1 week,128,0.8,1.4,104652.79999999999
H100 • 128 GPUs • 1w (reserved) • 80%,H100,1 week,128,0.8,1.4,104652.79999999999
H100 • 128 GPUs • 1w (reserved) • 80%,H100,1 week,128,0.8,1.4,104652.79999999999
H100 • 128 GPUs • 1w (reserved) • 80%,H100,1 week,128,0.8,1.4,104652.79999999999
H100 • 128 GPUs • 1w (reserved) • 80%,H100,1 week,128,0.8,1.4,104652.79999999999
H100 • 128 GPUs • 1w (reserved) • 80%,H100,1 week,128,0.8,1.4,104652.79999999999
H100 • 128 GPUs • 1w (reserved) • 80%,H100,1 week,128,0.8,1.4,104652.79999999999
H100 • 128 GPUs • 1w (reserved) • 80%,H100,1 week,128,0.8,1.4,104652.79999999999
H100 • 128 GPUs • 1w (reserved) • 80%,H100,1 week,128,0.8,1.4,104652.79999999999
H100 • 128 GPUs • 1w (reserved) • 80%,H100,1 week,128,0.8,1.4,104652.79999999999
H100 • 128 GPUs • 1w (reserved) • 80%,H100,1 week,128,0.8,1.4,104652.79999999999
H100 • 128 GPUs • 1w (reserved) • 80%,H100,1 week,128,0.8,1.4,104652.79999999999
H100 • 128 GPUs • 1w (reserved) • 80%,H100,1 week,128,0.8,1.4,104652.79999999999
H100 • 128 GPUs • 1w (reserved) • 80%,H100,1 week,128,0.8,1.4,104652.79999999999
H100 • 128 GPUs • 1w (reserved) • 80%,H100,1 week,128,0.8,1.4,104652.79999999999
H100 • 128 GPUs • 1w (reserved) • 80%,H100,1 week,128,0.8,1.4,104652.79999999999
H100 • 128 GPUs • 1w (reserved) • 80%,H100,1 week,128,0.8,1.4,104652.79999999999
H100 • 128 GPUs • 1w (reserved) • 80%,H100,1 week,128,0.8,1.4,104652.79999999999
H100 • 128 GPUs • 1w (reserved) • 80%,H100,1 week,128,0.8,1.4,104652.79999999999
H100 • 128 GPUs • 1w (reserved) • 80%,H100,1 week,128,0.8,1.4,104652.79999999999
H100 • 128 GPUs • 1w (reserved) • 80%,H100,1 week,128,0.8,1.4,104652.79999999999
H100 • 128 GPUs • 1w (reserved) • 80%,H100,1 week,128,0.8,1.4,104652.79999999999
H100 • 128 GPUs • 1w (reserved) • 80%,H100,1 week,128,0.8,1.4,104652.79999999999
H100 • 128 GPUs • 1w (reserved) • 80%,H100,1 week,128,0.8,1.4,104652.79999999999
H100 • 128 GPUs • 1w (reserved) • 80%,H100,1 week,128,0.8,1.4,104652.79999999999
H100 • 128 GPUs • 1w (reserved) • 80%,H100,1 week,128,0.8,1.4,104652.79999999999
H100 • 128 GPUs • 1w (reserved) • 80%,H100,1 week,128,0.8,1.4,104652.79999999999
H100 • 128 GPUs • 1w (reserved) • 80%,H100,1 week,128,0.8,1.4,104652.79999999999
H100 • 128 GPUs • 1w (reserved) • 80%,H100,1 week,128,0.8,1.4,104652.79999999999
H100 • 128 GPUs • 1w (reserved) • 80%,H100,1 week,128,0.8,1.4,104652.79999999999
H100 • 128 GPUs • 1w (reserved) • 80%,H100,1 week,128,0.8,1.4,104652.79999999999
H100 • 128 GPUs • 1w (reserved) • 80%,H100,1 week,128,0.8,1.4,104652.79999999999
H100 • 128 GPUs • 1w (reserved) • 80%,H100,1 week,128,0.8,1.4,104652.79999999999
H100 • 128 GPUs • 1w (reserved) • 80%,H100,1 week,128,0.8,1.4,104652.79999999999
H100 • 128 GPUs • 1w (reserved) • 80%,H100,1 week,128,0.8,1.4,104652.79999999999
H100 • 128 GPUs • 1w (reserved) • 80%,H100,1 week,128,0.8,1.4,104652.79999999999
H100 • 128 GPUs • 1w (reserved) • 80%,H100,1 week,128,0.8,1.4,104652.79999999999
H100 • 128 GPUs • 1w (reserved) • 80%,H100,1 week,128,0.8,1.4,104652.79999999999
H100 • 128 GPUs • 1w (reserved) • 80%,H100,1 week,128,0.8,1.4,104652.79999999999
H100 • 128 GPUs • 1w (reserved) • 80%,H100,1 week,128,0.8,1.4,104652.79999999999
H100 • 128 GPUs • 1w (reserved) • 80%,H100,1 week,128,0.8,1.4,104652.79999999999
H100 • 128 GPUs • 1w (reserved) • 80%,H100,1 week,128,0.8,1.4,104652.79999999999
H100 • 128 GPUs • 1w (reserved) • 80%,H100,1 week,128,0.8,1.4,104652.79999999999
H100 • 128 GPUs • 1w (reserved) • 80%,H100,1 week,128,0.8,1.4,104652.79999999999
H100 • 128 GPUs • 1w (reserved) • 80%,H100,1 week,128,0.8,1.4,104652.79999999999
H100 • 128 GPUs • 1w (reserved) • 80%,H100,1 week,128,0.8,1.4,104652.79999999999
H100 • 128 GPUs • 1w (reserved) • 80%,H100,1 week,128,0.8,1.4,104652.79999999999
H100 • 128 GPUs • 1w (reserved) • 80%,H100,1 week,128,0.8,1.4,104652.79999999999
H100 • 128 GPUs • 1w (reserved) • 80%,H100,1 week,128,0.8,1.4,104652.79999999999
H100 • 128 GPUs • 1w (reserved) • 80%,H100,1 week,128,0.8,1.4,104652.79999999999
H100 • 128 GPUs • 1w (reserved) • 80%,H100,1 week,128,0.8,1.4,104652.79999999999
H100 • 128 GPUs • 1w (reserved) • 80%,H100,1 week,128,0.8,1.4,104652.79999999999
H100 • 128 GPUs • 1w (reserved) • 80%,H100,1 week,128,0.8,1.4,104652.79999999999
H100 • 128 GPUs • 1w (reserved) • 80%,H100,1 week,128,0.8,1.4,104652.79999999999
H100 • 128 GPUs • 1w (reserved) • 80%,H100,1 week,128,0.8,1.4,104652.79999999999
H100 • 128 GPUs • 1w (reserved) • 80%,H100,1 week,128,0.8,1.4,104652.79999999999
H100 • 128 GPUs • 1w (reserved) • 80%,H100,1 week,128,0.8,1.4,104652.79999999999
H100 • 128 GPUs • 1w (reserved) • 80%,H100,1 week,128,0.8,1.4,104652.79999999999
H100 • 128 GPUs • 1w (reserved) • 80%,H100,1 week,128,0.8,1.4,104652.79999999999
H100 • 128 GPUs • 1w (reserved) • 80%,H100,1 week,128,0.8,1.4,104652.79999999999
H100 • 128 GPUs • 1w (reserved) • 80%,H100,1 week,128,0.8,1.4,104652.79999999999
H100 • 128 GPUs • 1w (reserved) • 80%,H100,1 week,128,0.8,1.4,104652.79999999999
H100 • 128 GPUs • 1w (reserved) • 80%,H100,1 week,128,0.8,1.4,104652.79999999999
H100 • 128 GPUs • 1w (reserved) • 80%,H100,1 week,128,0.8,1.4,104652.79999999999
H100 • 128 GPUs • 1w (reserved) • 80%,H100,1 week,128,0.8,1.4,104652.79999999999
H100 • 128 GPUs • 1w (reserved) • 80%,H100,1 week,128,0.8,1.4,104652.79999999999
H100 • 128 GPUs • 1w (reserved) • 80%,H100,1 week,128,0.8,1.4,104652.79999999999
H100 • 128 GPUs • 1w (reserved) • 80%,H100,1 week,128,0.8,1.4,104652.79999999999
H100 • 128 GPUs • 1w (reserved) • 80%,H100,1 week,128,0.8,1.4,104652.79999999999
H100 • 128 GPUs • 1w (reserved) • 80%,H100,1 week,128,0.8,1.4,104652.79999999999
H100 • 128 GPUs • 1w (reserved) • 80%,H100,1 week,128,0.8,1.4,104652.79999999999
H100 • 128 GPUs • 1w (reserved) • 80%,H100,1 week,128,0.8,1.4,104652.79999999999
H100 • 128 GPUs • 1w (reserved) • 80%,H100,1 week,128,0.8,1.4,104652.79999999999
H100 • 128 GPUs • 1w (reserved) • 80%,H100,1 week,128,0.8,1.4,104652.79999999999
H100 • 128 GPUs • 1w (reserved) • 80%,H100,1 week,128,0.8,1.4,104652.79999999999
H100 • 128 GPUs • 1w (reserved) • 80%,H100,1 week,128,0.8,1.4,104652.79999999999
H100 • 128 GPUs • 1w (reserved) • 80%,H100,1 week,128,0.8,1.4,104652.79999999999
H100 • 128 GPUs • 1w (reserved) • 80%,H100,1 week,128,0.8,1.4,104652.79999999999
H100 • 128 GPUs • 1w (reserved) • 80%,H100,1 week,128,0.8,1.4,104652.79999999999
H100 • 128 GPUs • 1w (reserved) • 80%,H100,1 week,128,0.8,1.4,104652.79999999999
H100 • 128 GPUs • 1w (reserved) • 80%,H100,1 week,128,0.8,1.4,104652.79999999999
H100 • 128 GPUs • 1w (reserved) • 80%,H100,1 week,128,0.8,1.4,104652.79999999999
H100 • 128 GPUs • 1w (reserved) • 80%,H100,1 week,128,0.8,1.4,104652.79999999999
H100 • 128 GPUs • 1w (reserved) • 80%,H100,1 week,128,0.8,1.4,104652.79999999999
H100 • 128 GPUs • 1w (reserved) • 80%,H100,1 week,128,0.8,1.4,104652.79999999999
H100 • 128 GPUs • 1w (reserved) • 80%,H100,1 week,128,0.8,1.4,104652.79999999999
H100 • 128 GPUs • 1w (reserved) • 80%,H100,1 week,128,0.8,1.4,104652.79999999999
H100 • 128 GPUs • 1w (reserved) • 80%,H100,1 week,128,0.8,1.4,104652.79999999999
H100 • 128 GPUs • 1w (reserved) • 80%,H100,1 week,128,0.8,1.4,104652.79999999999
H100 • 128 GPUs • 1w (reserved) • 80%,H100,1 week,128,0.8,1.4,104652.79999999999
H100 • 128 GPUs • 1w (reserved) • 80%,H100,1 week,128,0.8,1.4,104652.79999999999
H100 • 128 GPUs • 1w (reserved) • 80%,H100,1 week,128,0.8,1.4,104652.79999999999
H100 • 128 GPUs • 1w (reserved) • 80%,H100,1 week,128,0.8,1.4,104652.79999999999
H100 • 128 GPUs • 1w (reserved) • 80%,H100,1 week,128,0.8,1.4,104652.79999999999
H100 • 128 GPUs • 1w (reserved) • 80%,H100,1 week,128,0.8,1.4,104652.79999999999
H100 • 128 GPUs • 1w (reserved) • 80%,H100,1 week,128,0.8,1.4,104652.79999999999
H100 • 128 GPUs • 1w (reserved) • 80%,H100,1 week,128,0.8,1.4,104652.79999999999
H100 • 128 GPUs • 1w (reserved) • 80%,H100,1 week,128,0.8,1.4,104652.79999999999
H100 • 128 GPUs • 1w (reserved) • 80%,H100,1 week,128,0.8,1.4,104652.79999999999
H100 • 128 GPUs • 1w (reserved) • 80%,H100,1 week,128,0.8,1.4,104652.79999999999
H100 • 128 GPUs • 1w (reserved) • 80%,H100,1 week,128,0.8,1.4,104652.79999999999
H100 • 128 GPUs • 1w (reserved) • 80%,H100,1 week,128,0.8,1.4,104652.79999999999
H100 • 128 GPUs • 1w (reserved) • 80%,H100,1 week,128,0.8,1.4,104652.79999999999
H100 • 128 GPUs • 1w (reserved) • 80%,H100,1 week,128,0.8,1.4,104652.79999999999
H100 • 128 GPUs • 1w (reserved) • 80%,H100,1 week,128,0.8,1.4,104652.79999999999
H100 • 128 GPUs • 1w (reserved) • 80%,H100,1 week,128,0.8,1.4,104652.79999999999
H100 • 128 GPUs • 1w (reserved) • 80%,H100,1 week,128,0.8,1.4,104652.79999999999
H100 • 128 GPUs • 1w (reserved) • 80%,H100,1 week,128,0.8,1.4,104652.79999999999
H100 • 128 GPUs • 1w (reserved) • 80%,H100,1 week,128,0.8,1.4,104652.79999999999
H100 • 128 GPUs • 1w (reserved) • 80%,H100,1 week,128,0.8,1.4,104652.79999999999
H100 • 128 GPUs • 1w (reserved) • 80%,H100,1 week,128,0.8,1.4,104652.79999999999
H100 • 128 GPUs • 1w (reserved) • 80%,H100,1 week,128,0.8,1.4,104652.79999999999
H100 • 128 GPUs • 1w (reserved) • 80%,H100,1 week,128,0.8,1.4,104652.79999999999
H100 • 128 GPUs • 1w (reserved) • 80%,H100,1 week,128,0.8,1.4,104652.79999999999
H100 • 128 GPUs • 1w (reserved) • 80%,H100,1 week,128,0.8,1.4,104652.79999999999
H100 • 128 GPUs • 1w (reserved) • 80%,H100,1 week,128,0.8,1.4,104652.79999999999
H100 • 128 GPUs • 1w (reserved) • 80%,H100,1 week,128,0.8,1.4,104652.79999999999
H100 • 128 GPUs • 1w (reserved) • 80%,H100,1 week,128,0.8,1.4,104652.79999999999
H100 • 128 GPUs • 1w (reserved) • 80%,H100,1 week,128,0.8,1.4,104652.79999999999
H100 • 128 GPUs • 1w (reserved) • 80%,H100,1 week,128,0.8,1.4,104652.79999999999
H100 • 128 GPUs • 1w (reserved) • 80%,H100,1 week,128,0.8,1.4,104652.79999999999
H100 • 128 GPUs • 1w (reserved) • 80%,H100,1 week,128,0.8,1.4,104652.79999999999
H100 • 128 GPUs • 1w (reserved) • 80%,H100,1 week,128,0.8,1.4,104652.79999999999
H100 • 128 GPUs • 1w (reserved) • 80%,H100,1 week,128,0.8,1.4,104652.79999999999
H100 • 128 GPUs • 1w (reserved) • 80%,H100,1 week,128,0.8,1.4,104652.79999999999
H100 • 128 GPUs • 1w (reserved) • 80%,H100,1 week,128,0.8,1.4,104652.79999999999
H100 • 128 GPUs • 1w (reserved) • 80%,H100,1 week,128,0.8,1.4,104652.79999999999
H100 • 128 GPUs • 1w (reserved) • 80%,H100,1 week,128,0.8,1.4,104652.79999999999
H100 • 128 GPUs • 1w (reserved) • 80%,H100,1 week,128,0.8,1.4,104652.79999999999
H100 • 128 GPUs • 1w (reserved) • 80%,H100,1 week,128,0.8,1.4,104652.79999999999
H100 • 128 GPUs • 1w (reserved) • 80%,H100,1 week,128,0.8,1.4,104652.79999999999
H100 • 128 GPUs • 1w (reserved) • 80%,H100,1 week,128,0.8,1.4,104652.79999999999
H100 • 128 GPUs • 1w (reserved) • 80%,H100,1 week,128,0.8,1.4,104652.79999999999
H100 • 128 GPUs • 1w (reserved) • 80%,H100,1 week,128,0.8,1.4,104652.79999999999
H100 • 128 GPUs • 1w (reserved) • 80%,H100,1 week,128,0.8,1.4,104652.79999999999
H100 • 128 GPUs • 1w (reserved) • 80%,H100,1 week,128,0.8,1.4,104652.79999999999
H100 • 128 GPUs • 1w (reserved) • 80%,H100,1 week,128,0.8,1.4,104652.79999999999
H100 • 128 GPUs • 1w (reserved) • 80%,H100,1 week,128,0.8,1.4,104652.79999999999
H100 • 128 GPUs • 1w (reserved) • 80%,H100,1 week,128,0.8,1.4,104652.79999999999
H100 • 128 GPUs • 1w (reserved) • 80%,H100,1 week,128,0.8,1.4,104652.79999999999
H100 • 128 GPUs • 1w (reserved) • 80%,H100,1 week,128,0.8,1.4,104652.79999999999
H100 • 128 GPUs • 1w (reserved) • 80%,H100,1 week,128,0.8,1.4,104652.79999999999
H100 • 128 GPUs • 1w (reserved) • 80%,H100,1 week,128,0.8,1.4,104652.79999999999
H100 • 128 GPUs • 1w (reserved) • 80%,H100,1 week,128,0.8,1.4,104652.79999999999
H100 • 128 GPUs • 1w (reserved) • 80%,H100,1 week,128,0.8,1.4,104652.79999999999
H100 • 128 GPUs • 1w (reserved) • 80%,H100,1 week,128,0.8,1.4,104652.79999999999
H100 • 128 GPUs • 1w (reserved) • 80%,H100,1 week,128,0.8,1.4,104652.79999999999
H100 • 128 GPUs • 1w (reserved) • 80%,H100,1 week,128,0.8,1.4,104652.79999999999
H100 • 128 GPUs • 1w (reserved) • 80%,H100,1 week,128,0.8,1.4,104652.79999999999
H100 • 128 GPUs • 1w (reserved) • 80%,H100,1 week,128,0.8,1.4,104652.79999999999
H100 • 128 GPUs • 1w (reserved) • 80%,H100,1 week,128,0.8,1.4,104652.79999999999
H100 • 128 GPUs • 1w (reserved) • 80%,H100,1 week,128,0.8,1.4,104652.79999999999
H100 • 128 GPUs • 1w (reserved) • 80%,H100,1 week,128,0.8,1.4,104652.79999999999
H100 • 128 GPUs • 1w (reserved) • 80%,H100,1 week,128,0.8,1.4,104652.79999999999
H100 • 128 GPUs • 1w (reserved) • 80%,H100,1 week,128,0.8,1.4,104652.79999999999
H100 • 128 GPUs • 1w (reserved) • 80%,H100,1 week,128,0.8,1.4,104652.79999999999
H100 • 128 GPUs • 1w (reserved) • 80%,H100,1 week,128,0.8,1.4,104652.79999999999
H100 • 128 GPUs • 1w (reserved) • 80%,H100,1 week,128,0.8,1.4,104652.79999999999
H100 • 128 GPUs • 1w (reserved) • 80%,H100,1 week,128,0.8,1.4,104652.79999999999
H100 • 128 GPUs • 1w (reserved) • 80%,H100,1 week,128,0.8,1.4,104652.79999999999
H100 • 128 GPUs • 1w (reserved) • 80%,H100,1 week,128,0.8,1.4,104652.79999999999
H100 • 128 GPUs • 1w (reserved) • 80%,H100,1 week,128,0.8,1.4,104652.79999999999
H100 • 128 GPUs • 1w (reserved) • 80%,H100,1 week,128,0.8,1.4,104652.79999999999
H100 • 128 GPUs • 1w (reserved) • 80%,H100,1 week,128,0.8,1.4,104652.79999999999
H100 • 128 GPUs • 1w (reserved) • 80%,H100,1 week,128,0.8,1.4,104652.79999999999
H100 • 128 GPUs • 1w (reserved) • 80%,H100,1 week,128,0.8,1.4,104652.79999999999
H100 • 128 GPUs • 1w (reserved) • 80%,H100,1 week,128,0.8,1.4,104652.79999999999
H100 • 128 GPUs • 1w (reserved) • 80%,H100,1 week,128,0.8,1.4,104652.79999999999
H100 • 128 GPUs • 1w (reserved) • 80%,H100,1 week,128,0.8,1.4,104652.79999999999
H100 • 128 GPUs • 1w (reserved) • 80%,H100,1 week,128,0.8,1.4,104652.79999999999
H100 • 128 GPUs • 1w (reserved) • 80%,H100,1 week,128,0.8,1.4,104652.79999999999
H100 • 128 GPUs • 1w (reserved) • 80%,H100,1 week,128,0.8,1.4,104652.79999999999
H100 • 128 GPUs • 1w (reserved) • 80%,H100,1 week,128,0.8,1.4,104652.79999999999
H100 • 128 GPUs • 1w (reserved) • 80%,H100,1 week,128,0.8,1.4,104652.79999999999
H100 • 128 GPUs • 1w (reserved) • 80%,H100,1 week,128,0.8,1.4,104652.79999999999
H100 • 128 GPUs • 1w (reserved) • 80%,H100,1 week,128,0.8,1.4,104652.79999999999
H100 • 128 GPUs • 1w (reserved) • 80%,H100,1 week,128,0.8,1.4,104652.79999999999
H100 • 128 GPUs • 1w (reserved) • 80%,H100,1 week,128,0.8,1.4,104652.79999999999
H100 • 128 GPUs • 1w (reserved) • 80%,H100,1 week,128,0.8,1.4,104652.79999999999
H100 • 128 GPUs • 1w (reserved) • 80%,H100,1 week,128,0.8,1.4,104652.79999999999
H100 • 128 GPUs • 1w (reserved) • 80%,H100,1 week,128,0.8,1.4,104652.79999999999
H100 • 128 GPUs • 1w (reserved) • 80%,H100,1 week,128,0.8,1.4,104652.79999999999
H100 • 128 GPUs • 1w (reserved) • 80%,H100,1 week,128,0.8,1.4,104652.79999999999
H100 • 128 GPUs • 1w (reserved) • 80%,H100,1 week,128,0.8,1.4,104652.79999999999
H100 • 128 GPUs • 1w (reserved) • 80%,H100,1 week,128,0.8,1.4,104652.79999999999
H100 • 128 GPUs • 1w (reserved) • 80%,H100,1 week,128,0.8,1.4,104652.79999999999
H100 • 128 GPUs • 1w (reserved) • 80%,H100,1 week,128,0.8,1.4,104652.79999999999
H100 • 128 GPUs • 1w (reserved) • 80%,H100,1 week,128,0.8,1.4,104652.79999999999
H100 • 128 GPUs • 1w (reserved) • 80%,H100,1 week,128,0.8,1.4,104652.79999999999
H100 • 128 GPUs • 1w (reserved) • 80%,H100,1 week,128,0.8,1.4,104652.79999999999
H100 • 128 GPUs • 1w (reserved) • 80%,H100,1 week,128,0.8,1.4,104652.79999999999
H100 • 128 GPUs • 1w (reserved) • 80%,H100,1 week,128,0.8,1.4,104652.79999999999
H100 • 128 GPUs • 1w (reserved) • 80%,H100,1 week,128,0.8,1.4,104652.79999999999
H100 • 128 GPUs • 1w (reserved) • 80%,H100,1 week,128,0.8,1.4,104652.79999999999
H100 • 128 GPUs • 1w (reserved) • 80%,H100,1 week,128,0.8,1.4,104652.79999999999
H100 • 128 GPUs • 1w (reserved) • 80%,H100,1 week,128,0.8,1.4,104652.79999999999
H100 • 128 GPUs • 1w (reserved) • 80%,H100,1 week,128,0.8,1.4,104652.79999999999
H100 • 128 GPUs • 1w (reserved) • 80%,H100,1 week,128,0.8,1.4,104652.79999999999
H100 • 128 GPUs • 1w (reserved) • 80%,H100,1 week,128,0.8,1.4,104652.79999999999
H100 • 128 GPUs • 1w (reserved) • 80%,H100,1 week,128,0.8,1.4,104652.79999999999
H100 • 128 GPUs • 1w (reserved) • 80%,H100,1 week,128,0.8,1.4,104652.79999999999
H100 • 128 GPUs • 1w (reserved) • 80%,H100,1 week,128,0.8,1.4,104652.79999999999
H100 • 128 GPUs • 1w (reserved) • 80%,H100,1 week,128,0.8,1.4,104652.79999999999
H100 • 128 GPUs • 1w (reserved) • 80%,H100,1 week,128,0.8,1.4,104652.79999999999
H100 • 128 GPUs • 1w (reserved) • 80%,H100,1 week,128,0.8,1.4,104652.79999999999
H100 • 128 GPUs • 1w (reserved) • 80%,H100,1 week,128,0.8,1.4,104652.79999999999
H100 • 128 GPUs • 1w (reserved) • 80%,H100,1 week,128,0.8,1.4,104652.79999999999
H100 • 128 GPUs • 1w (reserved) • 80%,H100,1 week,128,0.8,1.4,104652.79999999999
H100 • 128 GPUs • 1w (reserved) • 80%,H100,1 week,128,0.8,1.4,104652.79999999999
H100 • 128 GPUs • 1w (reserved) • 80%,H100,1 week,128,0.8,1.4,104652.79999999999
H100 • 128 GPUs • 1w (reserved) • 80%,H100,1 week,128,0.8,1.4,104652.79999999999
H200 • 32 GPUs • 1d (reserved) • 70%,H200,1 day,32,0.7,1.4,22892.799999999996
H200 • 32 GPUs • 1d (reserved) • 70%,H200,1 day,32,0.7,1.4,22892.799999999996
H200 • 32 GPUs • 1d (reserved) • 70%,H200,1 day,32,0.7,1.4,22892.799999999996
H200 • 32 GPUs • 1d (reserved) • 70%,H200,1 day,32,0.7,1.4,22892.799999999996
H200 • 32 GPUs • 1d (reserved) • 70%,H200,1 day,32,0.7,1.4,22892.799999999996
H200 • 32 GPUs • 1d (reserved) • 70%,H200,1 day,32,0.7,1.4,22892.799999999996
H200 • 32 GPUs • 1d (reserved) • 70%,H200,1 day,32,0.7,1.4,22892.799999999996
H200 • 32 GPUs • 1d (reserved) • 70%,H200,1 day,32,0.7,1.4,22892.799999999996
H200 • 32 GPUs • 1d (reserved) • 70%,H200,1 day,32,0.7,1.4,22892.799999999996
H200 • 32 GPUs • 1d (reserved) • 70%,H200,1 day,32,0.7,1.4,22892.799999999996
H200 • 32 GPUs • 1d (reserved) • 70%,H200,1 day,32,0.7,1.4,22892.799999999996
H200 • 32 GPUs • 1d (reserved) • 70%,H200,1 day,32,0.7,1.4,22892.799999999996
H200 • 32 GPUs • 1d (reserved) • 70%,H200,1 day,32,0.7,1.4,22892.799999999996
H200 • 32 GPUs • 1d (reserved) • 70%,H200,1 day,32,0.7,1.4,22892.799999999996
H200 • 32 GPUs • 1d (reserved) • 70%,H200,1 day,32,0.7,2.1,34339.2
H200 • 32 GPUs • 1d (reserved) • 70%,H200,1 day,32,0.7,2.1,34339.2
H200 • 32 GPUs • 1d (reserved) • 70%,H200,1 day,32,0.7,2.1,34339.2
H200 • 32 GPUs • 1d (reserved) • 70%,H200,1 day,32,0.7,2.1,34339.2
H200 • 32 GPUs • 1d (reserved) • 70%,H200,1 day,32,0.7,2.1,34339.2
H200 • 32 GPUs • 1d (reserved) • 70%,H200,1 day,32,0.7,2.1,34339.2
H200 • 32 GPUs • 1d (reserved) • 70%,H200,1 day,32,0.7,2.1,34339.2
H200 • 32 GPUs • 1d (reserved) • 70%,H200,1 day,32,0.7,2.1,34339.2
H200 • 32 GPUs • 1d (reserved) • 70%,H200,1 day,32,0.7,2.1,34339.2
H200 • 32 GPUs • 1d (reserved) • 70%,H200,1 day,32,0.7,2.1,34339.2
H200 • 32 GPUs • 1d (reserved) • 70%,H200,1 day,32,0.7,2.1,34339.2
H200 • 32 GPUs • 1d (reserved) • 70%,H200,1 day,32,0.7,2.1,34339.2
H200 • 32 GPUs • 1d (reserved) • 70%,H200,1 day,32,0.7,2.1,34339.2
H200 • 32 GPUs • 1d (reserved) • 70%,H200,1 day,32,0.7,2.1,34339.2
H200 • 32 GPUs • 1d (reserved) • 70%,H200,1 day,32,0.7,2.1,34339.2
H200 • 32 GPUs • 1d (reserved) • 70%,H200,1 day,32,0.7,2.1,34339.2
H200 • 32 GPUs • 1d (reserved) • 70%,H200,1 day,32,0.7,2.1,34339.2
H200 • 32 GPUs • 1d (reserved) • 70%,H200,1 day,32,0.7,2.1,34339.2
H200 • 32 GPUs • 1d (reserved) • 70%,H200,1 day,32,0.7,2.1,34339.2
H200 • 32 GPUs • 1d (reserved) • 70%,H200,1 day,32,0.7,2.1,34339.2
H200 • 32 GPUs • 1d (reserved) • 70%,H200,1 day,32,0.7,2.1,34339.2
H200 • 32 GPUs • 1d (reserved) • 70%,H200,1 day,32,0.7,2.1,34339.2
H200 • 32 GPUs • 1d (reserved) • 70%,H200,1 day,32,0.7,2.1,34339.2
H200 • 32 GPUs • 1d (reserved) • 70%,H200,1 day,32,0.7,2.1,34339.2
H200 • 32 GPUs • 1d (reserved) • 70%,H200,1 day,32,0.7,2.1,34339.2
H200 • 32 GPUs • 1d (reserved) • 70%,H200,1 day,32,0.7,2.1,34339.2
H200 • 32 GPUs • 1d (reserved) • 70%,H200,1 day,32,0.7,2.1,34339.2
H200 • 32 GPUs • 1d (reserved) • 70%,H200,1 day,32,0.7,2.1,34339.2
H200 • 32 GPUs • 1d (reserved) • 70%,H200,1 day,32,0.7,2.1,34339.2
H200 • 32 GPUs • 1d (reserved) • 70%,H200,1 day,32,0.7,2.1,34339.2
H200 • 32 GPUs • 1d (reserved) • 70%,H200,1 day,32,0.7,2.1,34339.2
H200 • 32 GPUs • 1d (reserved) • 70%,H200,1 day,32,0.7,2.1,34339.2
H200 • 32 GPUs • 1d (reserved) • 70%,H200,1 day,32,0.7,2.1,34339.2
H200 • 32 GPUs • 1d (reserved) • 70%,H200,1 day,32,0.7,2.1,34339.2
H200 • 32 GPUs • 1d (reserved) • 70%,H200,1 day,32,0.7,2.1,34339.2
H200 • 32 GPUs • 1d (reserved) • 70%,H200,1 day,32,0.7,2.1,34339.2
H200 • 32 GPUs • 1d (reserved) • 70%,H200,1 day,32,0.7,2.1,34339.2
H200 • 32 GPUs • 1d (reserved) • 70%,H200,1 day,32,0.7,2.1,34339.2
H200 • 32 GPUs • 1d (reserved) • 70%,H200,1 day,32,0.7,2.1,34339.2
H200 • 32 GPUs • 1d (reserved) • 70%,H200,1 day,32,0.7,2.0,32703.999999999996
H200 • 32 GPUs • 1d (reserved) • 70%,H200,1 day,32,0.7,2.0,32703.999999999996
H200 • 32 GPUs • 1d (reserved) • 70%,H200,1 day,32,0.7,2.0,32703.999999999996
H200 • 32 GPUs • 1d (reserved) • 70%,H200,1 day,32,0.7,2.0,32703.999999999996
H200 • 32 GPUs • 1d (reserved) • 70%,H200,1 day,32,0.7,2.0,32703.999999999996
H200 • 32 GPUs • 1d (reserved) • 70%,H200,1 day,32,0.7,2.0,32703.999999999996
H200 • 32 GPUs • 1d (reserved) • 70%,H200,1 day,32,0.7,2.0,32703.999999999996
H200 • 32 GPUs • 1d (reserved) • 70%,H200,1 day,32,0.7,2.0,32703.999999999996
H200 • 32 GPUs • 1d (reserved) • 70%,H200,1 day,32,0.7,2.0,32703.999999999996
H200 • 32 GPUs • 1d (reserved) • 70%,H200,1 day,32,0.7,2.0,32703.999999999996
H200 • 32 GPUs • 1d (reserved) • 70%,H200,1 day,32,0.7,2.0,32703.999999999996
H200 • 32 GPUs • 1d (reserved) • 70%,H200,1 day,32,0.7,2.0,32703.999999999996
H200 • 32 GPUs • 1d (reserved) • 70%,H200,1 day,32,0.7,2.0,32703.999999999996
H200 • 32 GPUs • 1d (reserved) • 70%,H200,1 day,32,0.7,2.0,32703.999999999996
H200 • 32 GPUs • 1d (reserved) • 70%,H200,1 day,32,0.7,2.0,32703.999999999996
H200 • 32 GPUs • 1d (reserved) • 70%,H200,1 day,32,0.7,2.0,32703.999999999996
H200 • 32 GPUs • 1d (reserved) • 70%,H200,1 day,32,0.7,2.0,32703.999999999996
H200 • 32 GPUs • 1d (reserved) • 70%,H200,1 day,32,0.7,2.0,32703.999999999996
H200 • 32 GPUs • 1d (reserved) • 70%,H200,1 day,32,0.7,2.0,32703.999999999996
H200 • 32 GPUs • 1d (reserved) • 70%,H200,1 day,32,0.7,2.0,32703.999999999996
H200 • 32 GPUs • 1d (reserved) • 70%,H200,1 day,32,0.7,2.0,32703.999999999996
H200 • 32 GPUs • 1d (reserved) • 70%,H200,1 day,32,0.7,2.0,32703.999999999996
H200 • 32 GPUs • 1d (reserved) • 70%,H200,1 day,32,0.7,2.0,32703.999999999996
H200 • 32 GPUs • 1d (reserved) • 70%,H200,1 day,32,0.7,2.0,32703.999999999996
H200 • 32 GPUs • 1d (reserved) • 70%,H200,1 day,32,0.7,2.0,32703.999999999996
H200 • 32 GPUs • 1d (reserved) • 70%,H200,1 day,32,0.7,2.0,32703.999999999996
H200 • 32 GPUs • 1d (reserved) • 70%,H200,1 day,32,0.7,2.0,32703.999999999996
H200 • 32 GPUs • 1d (reserved) • 70%,H200,1 day,32,0.7,2.0,32703.999999999996
H200 • 32 GPUs • 1d (reserved) • 70%,H200,1 day,32,0.7,2.0,32703.999999999996
H200 • 32 GPUs • 1d (reserved) • 70%,H200,1 day,32,0.7,2.0,32703.999999999996
H200 • 32 GPUs • 1d (reserved) • 70%,H200,1 day,32,0.7,2.0,32703.999999999996
H200 • 32 GPUs • 1d (reserved) • 70%,H200,1 day,32,0.7,2.0,32703.999999999996
H200 • 32 GPUs • 1d (reserved) • 70%,H200,1 day,32,0.7,2.0,32703.999999999996
H200 • 32 GPUs • 1d (reserved) • 70%,H200,1 day,32,0.7,2.0,32703.999999999996
H200 • 32 GPUs • 1d (reserved) • 70%,H200,1 day,32,0.7,2.0,32703.999999999996
H200 • 32 GPUs • 1d (reserved) • 70%,H200,1 day,32,0.7,2.0,32703.999999999996
H200 • 32 GPUs • 1d (reserved) • 70%,H200,1 day,32,0.7,2.0,32703.999999999996
H200 • 32 GPUs • 1d (reserved) • 70%,H200,1 day,32,0.7,2.0,32703.999999999996
H200 • 32 GPUs • 1d (reserved) • 70%,H200,1 day,32,0.7,2.0,32703.999999999996
H200 • 32 GPUs • 1d (reserved) • 70%,H200,1 day,32,0.7,2.0,32703.999999999996
H200 • 32 GPUs • 1d (reserved) • 70%,H200,1 day,32,0.7,2.0,32703.999999999996
H200 • 32 GPUs • 1d (reserved) • 70%,H200,1 day,32,0.7,2.0,32703.999999999996
H200 • 32 GPUs • 1d (reserved) • 70%,H200,1 day,32,0.7,2.0,32703.999999999996
H200 • 32 GPUs • 1d (reserved) • 70%,H200,1 day,32,0.7,2.0,32703.999999999996
H200 • 32 GPUs • 1d (reserved) • 70%,H200,1 day,32,0.7,2.0,32703.999999999996
H200 • 32 GPUs • 1d (reserved) • 70%,H200,1 day,32,0.7,2.0,32703.999999999996
H200 • 32 GPUs • 1d (reserved) • 70%,H200,1 day,32,0.7,2.0,32703.999999999996
H200 • 32 GPUs • 1d (reserved) • 70%,H200,1 day,32,0.7,2.0,32703.999999999996
H200 • 32 GPUs • 1d (reserved) • 70%,H200,1 day,32,0.7,2.0,32703.999999999996
H200 • 32 GPUs • 1d (reserved) • 70%,H200,1 day,32,0.7,2.0,32703.999999999996
H200 • 32 GPUs • 1d (reserved) • 70%,H200,1 day,32,0.7,2.0,32703.999999999996
H200 • 32 GPUs • 1d (reserved) • 70%,H200,1 day,32,0.7,2.0,32703.999999999996
H200 • 32 GPUs • 1d (reserved) • 70%,H200,1 day,32,0.7,2.0,32703.999999999996
H200 • 32 GPUs • 1d (reserved) • 70%,H200,1 day,32,0.7,2.0,32703.999999999996
H200 • 32 GPUs • 1d (reserved) • 70%,H200,1 day,32,0.7,2.0,32703.999999999996
H200 • 32 GPUs • 1d (reserved) • 70%,H200,1 day,32,0.7,2.0,32703.999999999996
H200 • 32 GPUs • 1d (reserved) • 70%,H200,1 day,32,0.7,2.0,32703.999999999996
H200 • 32 GPUs • 1d (reserved) • 70%,H200,1 day,32,0.7,2.0,32703.999999999996
H200 • 32 GPUs • 1d (reserved) • 70%,H200,1 day,32,0.7,2.0,32703.999999999996
H200 • 32 GPUs • 1d (reserved) • 70%,H200,1 day,32,0.7,2.0,32703.999999999996
H200 • 32 GPUs • 1d (reserved) • 70%,H200,1 day,32,0.7,2.0,32703.999999999996
H200 • 32 GPUs • 1d (reserved) • 70%,H200,1 day,32,0.7,2.0,32703.999999999996
H200 • 32 GPUs • 1d (reserved) • 70%,H200,1 day,32,0.7,2.0,32703.999999999996
H200 • 32 GPUs • 1d (reserved) • 70%,H200,1 day,32,0.7,2.0,32703.999999999996
H200 • 32 GPUs • 1d (reserved) • 70%,H200,1 day,32,0.7,2.0,32703.999999999996
H200 • 32 GPUs • 1d (reserved) • 70%,H200,1 day,32,0.7,2.0,32703.999999999996
H200 • 32 GPUs • 1d (reserved) • 70%,H200,1 day,32,0.7,2.0,32703.999999999996
H200 • 32 GPUs • 1d (reserved) • 70%,H200,1 day,32,0.7,2.0,32703.999999999996
H200 • 32 GPUs • 1d (reserved) • 70%,H200,1 day,32,0.7,2.0,32703.999999999996
H200 • 32 GPUs • 1d (reserved) • 70%,H200,1 day,32,0.7,2.0,32703.999999999996
H200 • 32 GPUs • 1d (reserved) • 70%,H200,1 day,32,0.7,2.0,32703.999999999996
H200 • 32 GPUs • 1d (reserved) • 70%,H200,1 day,32,0.7,2.0,32703.999999999996
H200 • 32 GPUs • 1d (reserved) • 70%,H200,1 day,32,0.7,2.0,32703.999999999996
H200 • 32 GPUs • 1d (reserved) • 70%,H200,1 day,32,0.7,2.0,32703.999999999996
H200 • 32 GPUs • 1d (reserved) • 70%,H200,1 day,32,0.7,2.0,32703.999999999996
H200 • 32 GPUs • 1d (reserved) • 70%,H200,1 day,32,0.7,2.0,32703.999999999996
H200 • 32 GPUs • 1d (reserved) • 70%,H200,1 day,32,0.7,2.0,32703.999999999996
H200 • 32 GPUs • 1d (reserved) • 70%,H200,1 day,32,0.7,2.0,32703.999999999996
H200 • 32 GPUs • 1d (reserved) • 70%,H200,1 day,32,0.7,2.0,32703.999999999996
H200 • 32 GPUs • 1d (reserved) • 70%,H200,1 day,32,0.7,2.0,32703.999999999996
H200 • 32 GPUs • 1d (reserved) • 70%,H200,1 day,32,0.7,2.0,32703.999999999996
H200 • 32 GPUs • 1d (reserved) • 70%,H200,1 day,32,0.7,2.0,32703.999999999996
H200 • 32 GPUs • 1d (reserved) • 70%,H200,1 day,32,0.7,2.0,32703.999999999996
H200 • 32 GPUs • 1d (reserved) • 70%,H200,1 day,32,0.7,2.0,32703.999999999996
H200 • 32 GPUs • 1d (reserved) • 70%,H200,1 day,32,0.7,2.0,32703.999999999996
H200 • 32 GPUs • 1d (reserved) • 70%,H200,1 day,32,0.7,2.0,32703.999999999996
H200 • 32 GPUs • 1d (reserved) • 70%,H200,1 day,32,0.7,2.0,32703.999999999996
H200 • 32 GPUs • 1d (reserved) • 70%,H200,1 day,32,0.7,2.0,32703.999999999996
H200 • 32 GPUs • 1d (reserved) • 70%,H200,1 day,32,0.7,2.0,32703.999999999996
H200 • 32 GPUs • 1d (reserved) • 70%,H200,1 day,32,0.7,2.0,32703.999999999996
H200 • 32 GPUs • 1d (reserved) • 70%,H200,1 day,32,0.7,2.0,32703.999999999996
H200 • 32 GPUs • 1d (reserved) • 70%,H200,1 day,32,0.7,2.0,32703.999999999996
H200 • 32 GPUs • 1d (reserved) • 70%,H200,1 day,32,0.7,2.0,32703.999999999996
H200 • 32 GPUs • 1d (reserved) • 70%,H200,1 day,32,0.7,2.0,32703.999999999996
H200 • 32 GPUs • 1d (reserved) • 70%,H200,1 day,32,0.7,2.0,32703.999999999996
H200 • 32 GPUs • 1d (reserved) • 70%,H200,1 day,32,0.7,2.0,32703.999999999996
H200 • 32 GPUs • 1d (reserved) • 70%,H200,1 day,32,0.7,2.0,32703.999999999996
H200 • 32 GPUs • 1d (reserved) • 70%,H200,1 day,32,0.7,2.0,32703.999999999996
H200 • 32 GPUs • 1d (reserved) • 70%,H200,1 day,32,0.7,2.0,32703.999999999996
H200 • 32 GPUs • 1d (reserved) • 70%,H200,1 day,32,0.7,2.0,32703.999999999996
H200 • 32 GPUs • 1d (reserved) • 70%,H200,1 day,32,0.7,2.0,32703.999999999996
H200 • 32 GPUs • 1d (reserved) • 70%,H200,1 day,32,0.7,2.0,32703.999999999996
H200 • 32 GPUs • 1d (reserved) • 70%,H200,1 day,32,0.7,2.0,32703.999999999996
H200 • 32 GPUs • 1d (reserved) • 70%,H200,1 day,32,0.7,2.0,32703.999999999996
H200 • 32 GPUs • 1d (reserved) • 70%,H200,1 day,32,0.7,2.0,32703.999999999996
H200 • 32 GPUs • 1d (reserved) • 70%,H200,1 day,32,0.7,2.0,32703.999999999996
H200 • 32 GPUs • 1d (reserved) • 70%,H200,1 day,32,0.7,2.0,32703.999999999996
H200 • 32 GPUs • 1d (reserved) • 70%,H200,1 day,32,0.7,2.0,32703.999999999996
H200 • 32 GPUs • 1d (reserved) • 70%,H200,1 day,32,0.7,2.0,32703.999999999996
H200 • 32 GPUs • 1d (reserved) • 70%,H200,1 day,32,0.7,2.0,32703.999999999996
H200 • 32 GPUs • 1d (reserved) • 70%,H200,1 day,32,0.7,2.0,32703.999999999996
H200 • 32 GPUs • 1d (reserved) • 70%,H200,1 day,32,0.7,2.0,32703.999999999996
H200 • 32 GPUs • 1d (reserved) • 70%,H200,1 day,32,0.7,2.0,32703.999999999996
H200 • 32 GPUs • 1d (reserved) • 70%,H200,1 day,32,0.7,2.0,32703.999999999996
H200 • 32 GPUs • 1d (reserved) • 70%,H200,1 day,32,0.7,2.0,32703.999999999996
H200 • 32 GPUs • 1d (reserved) • 70%,H200,1 day,32,0.7,2.0,32703.999999999996
H200 • 32 GPUs • 1d (reserved) • 70%,H200,1 day,32,0.7,2.0,32703.999999999996
H200 • 32 GPUs • 1d (reserved) • 70%,H200,1 day,32,0.7,2.0,32703.999999999996
H200 • 32 GPUs • 1d (reserved) • 70%,H200,1 day,32,0.7,2.0,32703.999999999996
H200 • 32 GPUs • 1d (reserved) • 70%,H200,1 day,32,0.7,2.0,32703.999999999996
H200 • 32 GPUs • 1d (reserved) • 70%,H200,1 day,32,0.7,2.0,32703.999999999996
H200 • 32 GPUs • 1d (reserved) • 70%,H200,1 day,32,0.7,2.0,32703.999999999996
H200 • 32 GPUs • 1d (reserved) • 70%,H200,1 day,32,0.7,2.0,32703.999999999996
H200 • 32 GPUs • 1d (reserved) • 70%,H200,1 day,32,0.7,2.0,32703.999999999996
H200 • 32 GPUs • 1d (reserved) • 70%,H200,1 day,32,0.7,2.0,32703.999999999996
H200 • 32 GPUs • 1d (reserved) • 70%,H200,1 day,32,0.7,2.0,32703.999999999996
H200 • 32 GPUs • 1d (reserved) • 70%,H200,1 day,32,0.7,2.0,32703.999999999996
H200 • 32 GPUs • 1d (reserved) • 70%,H200,1 day,32,0.7,2.0,32703.999999999996
H200 • 32 GPUs • 1d (reserved) • 70%,H200,1 day,32,0.7,2.0,32703.999999999996
H200 • 32 GPUs • 1d (reserved) • 70%,H200,1 day,32,0.7,2.0,32703.999999999996
H200 • 32 GPUs • 1d (reserved) • 70%,H200,1 day,32,0.7,2.0,32703.999999999996
H200 • 32 GPUs • 1d (reserved) • 70%,H200,1 day,32,0.7,2.0,32703.999999999996
H200 • 32 GPUs • 1d (reserved) • 70%,H200,1 day,32,0.7,2.0,32703.999999999996
H200 • 32 GPUs • 1d (reserved) • 70%,H200,1 day,32,0.7,2.0,32703.999999999996
H200 • 32 GPUs • 1d (reserved) • 70%,H200,1 day,32,0.7,2.0,32703.999999999996
H200 • 32 GPUs • 1d (reserved) • 70%,H200,1 day,32,0.7,2.0,32703.999999999996
H200 • 32 GPUs • 1d (reserved) • 70%,H200,1 day,32,0.7,2.0,32703.999999999996
H200 • 32 GPUs • 1d (reserved) • 70%,H200,1 day,32,0.7,2.0,32703.999999999996
H200 • 32 GPUs • 1d (reserved) • 70%,H200,1 day,32,0.7,2.0,32703.999999999996
H200 • 32 GPUs • 1d (reserved) • 70%,H200,1 day,32,0.7,2.0,32703.999999999996
H200 • 32 GPUs • 1d (reserved) • 70%,H200,1 day,32,0.7,2.0,32703.999999999996
H200 • 32 GPUs • 1d (reserved) • 70%,H200,1 day,32,0.7,2.0,32703.999999999996
H200 • 32 GPUs • 1d (reserved) • 70%,H200,1 day,32,0.7,2.0,32703.999999999996
H200 • 32 GPUs • 1d (reserved) • 70%,H200,1 day,32,0.7,2.0,32703.999999999996
H200 • 32 GPUs • 1d (reserved) • 70%,H200,1 day,32,0.7,2.0,32703.999999999996
H200 • 32 GPUs • 1d (reserved) • 70%,H200,1 day,32,0.7,2.0,32703.999999999996
H200 • 32 GPUs • 1d (reserved) • 70%,H200,1 day,32,0.7,2.0,32703.999999999996
H200 • 32 GPUs • 1d (reserved) • 70%,H200,1 day,32,0.7,2.0,32703.999999999996
H200 • 32 GPUs • 1d (reserved) • 70%,H200,1 day,32,0.7,2.0,32703.999999999996
H200 • 32 GPUs • 1d (reserved) • 70%,H200,1 day,32,0.7,2.0,32703.999999999996
H200 • 32 GPUs • 1d (reserved) • 70%,H200,1 day,32,0.7,2.0,32703.999999999996
H200 • 32 GPUs • 1d (reserved) • 70%,H200,1 day,32,0.7,2.0,32703.999999999996
H200 • 32 GPUs • 1d (reserved) • 70%,H200,1 day,32,0.7,2.0,32703.999999999996
H200 • 32 GPUs • 1d (reserved) • 70%,H200,1 day,32,0.7,2.0,32703.999999999996
H200 • 32 GPUs • 1d (reserved) • 70%,H200,1 day,32,0.7,2.0,32703.999999999996
H200 • 32 GPUs • 1d (reserved) • 70%,H200,1 day,32,0.7,2.0,32703.999999999996
H200 • 32 GPUs • 1d (reserved) • 70%,H200,1 day,32,0.7,2.0,32703.999999999996
H200 • 32 GPUs • 1d (reserved) • 70%,H200,1 day,32,0.7,2.0,32703.999999999996
H200 • 32 GPUs • 1d (reserved) • 70%,H200,1 day,32,0.7,2.0,32703.999999999996
H200 • 32 GPUs • 1d (reserved) • 70%,H200,1 day,32,0.7,2.0,32703.999999999996
H200 • 32 GPUs • 1d (reserved) • 70%,H200,1 day,32,0.7,2.0,32703.999999999996
H200 • 32 GPUs • 1d (reserved) • 70%,H200,1 day,32,0.7,2.0,32703.999999999996
H200 • 32 GPUs • 1d (reserved) • 70%,H200,1 day,32,0.7,2.0,32703.999999999996
H200 • 32 GPUs • 1d (reserved) • 70%,H200,1 day,32,0.7,2.0,32703.999999999996
H200 • 32 GPUs • 1d (reserved) • 70%,H200,1 day,32,0.7,2.0,32703.999999999996
H200 • 32 GPUs • 1d (reserved) • 70%,H200,1 day,32,0.7,2.0,32703.999999999996
H200 • 32 GPUs • 1d (reserved) • 70%,H200,1 day,32,0.7,2.0,32703.999999999996
H200 • 32 GPUs • 1d (reserved) • 70%,H200,1 day,32,0.7,2.0,32703.999999999996
H200 • 32 GPUs • 1d (reserved) • 70%,H200,1 day,32,0.7,2.0,32703.999999999996
H200 • 32 GPUs • 1d (reserved) • 70%,H200,1 day,32,0.7,2.0,32703.999999999996
H200 • 32 GPUs • 1d (reserved) • 70%,H200,1 day,32,0.7,2.0,32703.999999999996
H200 • 32 GPUs • 1d (reserved) • 70%,H200,1 day,32,0.7,2.0,32703.999999999996
H200 • 32 GPUs • 1d (reserved) • 70%,H200,1 day,32,0.7,2.0,32703.999999999996
H200 • 32 GPUs • 1d (reserved) • 70%,H200,1 day,32,0.7,2.0,32703.999999999996
H200 • 32 GPUs • 1d (reserved) • 70%,H200,1 day,32,0.7,2.0,32703.999999999996
H200 • 32 GPUs • 1d (reserved) • 70%,H200,1 day,32,0.7,2.0,32703.999999999996
H200 • 32 GPUs • 1d (reserved) • 70%,H200,1 day,32,0.7,2.0,32703.999999999996
H200 • 32 GPUs • 1d (reserved) • 70%,H200,1 day,32,0.7,2.0,32703.999999999996
H200 • 32 GPUs • 1d (reserved) • 70%,H200,1 day,32,0.7,2.0,32703.999999999996
H200 • 32 GPUs • 1d (reserved) • 70%,H200,1 day,32,0.7,2.0,32703.999999999996
H200 • 32 GPUs • 1d (reserved) • 70%,H200,1 day,32,0.7,2.0,32703.999999999996
H200 • 32 GPUs • 1d (reserved) • 70%,H200,1 day,32,0.7,2.0,32703.999999999996
H200 • 32 GPUs • 1d (reserved) • 70%,H200,1 day,32,0.7,2.0,32703.999999999996
H200 • 32 GPUs • 1d (reserved) • 70%,H200,1 day,32,0.7,2.0,32703.999999999996
H200 • 32 GPUs • 1d (reserved) • 70%,H200,1 day,32,0.7,2.0,32703.999999999996
H200 • 32 GPUs • 1d (reserved) • 70%,H200,1 day,32,0.7,2.0,32703.999999999996
H200 • 32 GPUs • 1d (reserved) • 70%,H200,1 day,32,0.7,2.0,32703.999999999996
H200 • 32 GPUs • 1d (reserved) • 70%,H200,1 day,32,0.7,2.0,32703.999999999996
H200 • 32 GPUs • 1d (reserved) • 70%,H200,1 day,32,0.7,2.0,32703.999999999996
H200 • 32 GPUs • 1d (reserved) • 70%,H200,1 day,32,0.7,2.0,32703.999999999996
H200 • 32 GPUs • 1d (reserved) • 70%,H200,1 day,32,0.7,2.0,32703.999999999996
H200 • 32 GPUs • 1d (reserved) • 70%,H200,1 day,32,0.7,2.0,32703.999999999996
H200 • 32 GPUs • 1d (reserved) • 70%,H200,1 day,32,0.7,2.0,32703.999999999996
H200 • 32 GPUs • 1d (reserved) • 70%,H200,1 day,32,0.7,2.0,32703.999999999996
H200 • 32 GPUs • 1d (reserved) • 70%,H200,1 day,32,0.7,2.0,32703.999999999996
H200 • 32 GPUs • 1d (reserved) • 70%,H200,1 day,32,0.7,2.0,32703.999999999996
H200 • 32 GPUs • 1d (reserved) • 70%,H200,1 day,32,0.7,2.0,32703.999999999996
H200 • 32 GPUs • 1d (reserved) • 70%,H200,1 day,32,0.7,2.0,32703.999999999996
H200 • 32 GPUs • 1d (reserved) • 70%,H200,1 day,32,0.7,2.0,32703.999999999996
H200 • 32 GPUs • 1d (reserved) • 70%,H200,1 day,32,0.7,2.0,32703.999999999996
H200 • 32 GPUs • 1d (reserved) • 70%,H200,1 day,32,0.7,2.0,32703.999999999996
H200 • 32 GPUs • 1d (reserved) • 70%,H200,1 day,32,0.7,2.0,32703.999999999996
H200 • 32 GPUs • 1d (reserved) • 70%,H200,1 day,32,0.7,2.0,32703.999999999996
H200 • 32 GPUs • 1d (reserved) • 70%,H200,1 day,32,0.7,2.0,32703.999999999996
H200 • 32 GPUs • 1d (reserved) • 70%,H200,1 day,32,0.7,2.0,32703.999999999996
H200 • 32 GPUs • 1d (reserved) • 70%,H200,1 day,32,0.7,2.0,32703.999999999996
H200 • 32 GPUs • 1d (reserved) • 70%,H200,1 day,32,0.7,2.0,32703.999999999996
H200 • 32 GPUs • 1d (reserved) • 70%,H200,1 day,32,0.7,2.0,32703.999999999996
H200 • 32 GPUs • 1d (reserved) • 70%,H200,1 day,32,0.7,2.0,32703.999999999996
H200 • 32 GPUs • 1d (reserved) • 70%,H200,1 day,32,0.7,2.0,32703.999999999996
H200 • 32 GPUs • 1d (reserved) • 70%,H200,1 day,32,0.7,2.0,32703.999999999996
H200 • 32 GPUs • 1d (reserved) • 70%,H200,1 day,32,0.7,2.0,32703.999999999996
H200 • 32 GPUs • 1d (reserved) • 70%,H200,1 day,32,0.7,2.0,32703.999999999996
H200 • 32 GPUs • 1d (reserved) • 70%,H200,1 day,32,0.7,2.0,32703.999999999996
H200 • 32 GPUs • 1d (reserved) • 70%,H200,1 day,32,0.7,2.0,32703.999999999996
H200 • 32 GPUs • 1d (reserved) • 70%,H200,1 day,32,0.7,2.0,32703.999999999996
H200 • 32 GPUs • 1d (reserved) • 70%,H200,1 day,32,0.7,2.0,32703.999999999996
H200 • 32 GPUs • 1d (reserved) • 70%,H200,1 day,32,0.7,2.0,32703.999999999996
H200 • 32 GPUs • 1d (reserved) • 70%,H200,1 day,32,0.7,2.0,32703.999999999996
H200 • 32 GPUs • 1d (reserved) • 70%,H200,1 day,32,0.7,2.0,32703.999999999996
H200 • 32 GPUs • 1d (reserved) • 70%,H200,1 day,32,0.7,2.0,32703.999999999996
H200 • 32 GPUs • 1d (reserved) • 70%,H200,1 day,32,0.7,2.0,32703.999999999996
H200 • 32 GPUs • 1d (reserved) • 70%,H200,1 day,32,0.7,2.0,32703.999999999996
H200 • 32 GPUs • 1d (reserved) • 70%,H200,1 day,32,0.7,2.0,32703.999999999996
H200 • 32 GPUs • 1d (reserved) • 70%,H200,1 day,32,0.7,2.0,32703.999999999996
H200 • 32 GPUs • 1d (reserved) • 70%,H200,1 day,32,0.7,2.0,32703.999999999996
H200 • 32 GPUs • 1d (reserved) • 70%,H200,1 day,32,0.7,2.0,32703.999999999996
H200 • 32 GPUs • 1d (reserved) • 70%,H200,1 day,32,0.7,2.0,32703.999999999996
H200 • 32 GPUs • 1d (reserved) • 70%,H200,1 day,32,0.7,2.0,32703.999999999996
H200 • 32 GPUs • 1d (reserved) • 70%,H200,1 day,32,0.7,2.0,32703.999999999996
H200 • 32 GPUs • 1d (reserved) • 70%,H200,1 day,32,0.7,2.0,32703.999999999996
H200 • 32 GPUs • 1d (reserved) • 70%,H200,1 day,32,0.7,2.0,32703.999999999996
H200 • 32 GPUs • 1d (reserved) • 70%,H200,1 day,32,0.7,2.0,32703.999999999996
H200 • 32 GPUs • 1d (reserved) • 70%,H200,1 day,32,0.7,2.0,32703.999999999996
H200 • 32 GPUs • 1d (reserved) • 70%,H200,1 day,32,0.7,2.0,32703.999999999996
H200 • 32 GPUs • 1d (reserved) • 70%,H200,1 day,32,0.7,2.0,32703.999999999996
H200 • 32 GPUs • 1d (reserved) • 70%,H200,1 day,32,0.7,2.0,32703.999999999996
H200 • 32 GPUs • 1d (reserved) • 70%,H200,1 day,32,0.7,2.0,32703.999999999996
H200 • 32 GPUs • 1d (reserved) • 70%,H200,1 day,32,0.7,2.0,32703.999999999996
H200 • 32 GPUs • 1d (reserved) • 70%,H200,1 day,32,0.7,2.0,32703.999999999996
H200 • 32 GPUs • 1d (reserved) • 70%,H200,1 day,32,0.7,2.0,32703.999999999996
H200 • 32 GPUs • 1d (reserved) • 70%,H200,1 day,32,0.7,2.0,32703.999999999996
H200 • 32 GPUs • 1d (reserved) • 70%,H200,1 day,32,0.7,2.0,32703.999999999996
H200 • 32 GPUs • 1d (reserved) • 70%,H200,1 day,32,0.7,2.0,32703.999999999996
H200 • 32 GPUs • 1d (reserved) • 70%,H200,1 day,32,0.7,2.0,32703.999999999996
H200 • 32 GPUs • 1d (reserved) • 70%,H200,1 day,32,0.7,2.0,32703.999999999996
H200 • 32 GPUs • 1d (reserved) • 70%,H200,1 day,32,0.7,2.0,32703.999999999996
H200 • 32 GPUs • 1d (reserved) • 70%,H200,1 day,32,0.7,2.0,32703.999999999996
H200 • 32 GPUs • 1d (reserved) • 70%,H200,1 day,32,0.7,2.0,32703.999999999996
H200 • 32 GPUs • 1d (reserved) • 70%,H200,1 day,32,0.7,2.0,32703.999999999996
H200 • 32 GPUs • 1d (reserved) • 70%,H200,1 day,32,0.7,2.0,32703.999999999996
H200 • 32 GPUs • 1d (reserved) • 70%,H200,1 day,32,0.7,2.0,32703.999999999996
H200 • 32 GPUs • 1d (reserved) • 70%,H200,1 day,32,0.7,2.0,32703.999999999996
H200 • 32 GPUs • 1d (reserved) • 70%,H200,1 day,32,0.7,2.0,32703.999999999996
H200 • 32 GPUs • 1d (reserved) • 70%,H200,1 day,32,0.7,2.0,32703.999999999996
H200 • 32 GPUs • 1d (reserved) • 70%,H200,1 day,32,0.7,2.0,32703.999999999996
H200 • 32 GPUs • 1d (reserved) • 70%,H200,1 day,32,0.7,2.0,32703.999999999996
H200 • 32 GPUs • 1d (reserved) • 70%,H200,1 day,32,0.7,2.0,32703.999999999996
H200 • 32 GPUs • 1d (reserved) • 70%,H200,1 day,32,0.7,2.0,32703.999999999996
H200 • 32 GPUs • 1d (reserved) • 70%,H200,1 day,32,0.7,2.0,32703.999999999996
H200 • 32 GPUs • 1d (reserved) • 70%,H200,1 day,32,0.7,2.0,32703.999999999996
H200 • 32 GPUs • 1d (reserved) • 70%,H200,1 day,32,0.7,2.0,32703.999999999996
H200 • 32 GPUs • 1d (reserved) • 70%,H200,1 day,32,0.7,2.0,32703.999999999996
H200 • 32 GPUs • 1d (reserved) • 70%,H200,1 day,32,0.7,2.0,32703.999999999996
H200 • 32 GPUs • 1d (reserved) • 70%,H200,1 day,32,0.7,2.0,32703.999999999996
H200 • 32 GPUs • 1d (reserved) • 70%,H200,1 day,32,0.7,2.0,32703.999999999996
H200 • 32 GPUs • 1d (reserved) • 70%,H200,1 day,32,0.7,2.0,32703.999999999996
H200 • 32 GPUs • 1d (reserved) • 70%,H200,1 day,32,0.7,2.0,32703.999999999996
H200 • 32 GPUs • 1d (reserved) • 70%,H200,1 day,32,0.7,2.0,32703.999999999996
H200 • 32 GPUs • 1d (reserved) • 70%,H200,1 day,32,0.7,2.0,32703.999999999996
H200 • 32 GPUs • 1d (reserved) • 70%,H200,1 day,32,0.7,2.0,32703.999999999996
H200 • 32 GPUs • 1d (reserved) • 70%,H200,1 day,32,0.7,2.0,32703.999999999996
H200 • 32 GPUs • 1d (reserved) • 70%,H200,1 day,32,0.7,2.0,32703.999999999996
H200 • 32 GPUs • 1d (reserved) • 70%,H200,1 day,32,0.7,2.0,32703.999999999996
H200 • 32 GPUs • 1d (reserved) • 70%,H200,1 day,32,0.7,2.0,32703.999999999996
H200 • 32 GPUs • 1d (reserved) • 70%,H200,1 day,32,0.7,2.0,32703.999999999996
H200 • 32 GPUs • 1d (reserved) • 70%,H200,1 day,32,0.7,2.0,32703.999999999996
H200 • 32 GPUs • 1d (reserved) • 70%,H200,1 day,32,0.7,2.0,32703.999999999996
H200 • 32 GPUs • 1d (reserved) • 70%,H200,1 day,32,0.7,2.0,32703.999999999996
H200 • 32 GPUs • 1d (reserved) • 70%,H200,1 day,32,0.7,2.0,32703.999999999996
H200 • 32 GPUs • 1d (reserved) • 70%,H200,1 day,32,0.7,2.0,32703.999999999996
H200 • 32 GPUs • 1d (reserved) • 70%,H200,1 day,32,0.7,2.0,32703.999999999996
H200 • 32 GPUs • 1d (reserved) • 70%,H200,1 day,32,0.7,2.0,32703.999999999996
H200 • 32 GPUs • 1d (reserved) • 70%,H200,1 day,32,0.7,2.0,32703.999999999996
H200 • 32 GPUs • 1d (reserved) • 70%,H200,1 day,32,0.7,2.0,32703.999999999996
H200 • 32 GPUs • 1d (reserved) • 70%,H200,1 day,32,0.7,2.0,32703.999999999996
H200 • 32 GPUs • 1d (reserved) • 70%,H200,1 day,32,0.7,2.0,32703.999999999996
H200 • 32 GPUs • 1d (reserved) • 70%,H200,1 day,32,0.7,2.0,32703.999999999996
H200 • 32 GPUs • 1d (reserved) • 70%,H200,1 day,32,0.7,2.0,32703.999999999996
H200 • 32 GPUs • 1d (reserved) • 70%,H200,1 day,32,0.7,2.0,32703.999999999996
H200 • 32 GPUs • 1d (reserved) • 70%,H200,1 day,32,0.7,2.0,32703.999999999996
H200 • 32 GPUs • 1d (reserved) • 70%,H200,1 day,32,0.7,2.0,32703.999999999996
H200 • 32 GPUs • 1d (reserved) • 70%,H200,1 day,32,0.7,2.0,32703.999999999996
H200 • 32 GPUs • 1d (reserved) • 70%,H200,1 day,32,0.7,2.0,32703.999999999996
H200 • 32 GPUs • 1d (reserved) • 70%,H200,1 day,32,0.7,2.0,32703.999999999996
H200 • 32 GPUs • 1d (reserved) • 70%,H200,1 day,32,0.7,2.0,32703.999999999996
H200 • 32 GPUs • 1d (reserved) • 70%,H200,1 day,32,0.7,2.0,32703.999999999996
H200 • 32 GPUs • 1d (reserved) • 70%,H200,1 day,32,0.7,2.0,32703.999999999996
H200 • 32 GPUs • 1d (reserved) • 70%,H200,1 day,32,0.7,2.0,32703.999999999996
H200 • 32 GPUs • 1d (reserved) • 70%,H200,1 day,32,0.7,2.0,32703.999999999996
H200 • 32 GPUs • 1d (reserved) • 70%,H200,1 day,32,0.7,2.0,32703.999999999996
H200 • 32 GPUs • 1d (reserved) • 70%,H200,1 day,32,0.7,2.0,32703.999999999996
H200 • 32 GPUs • 1d (reserved) • 70%,H200,1 day,32,0.7,2.0,32703.999999999996
H200 • 32 GPUs • 1d (reserved) • 70%,H200,1 day,32,0.7,2.0,32703.999999999996
H200 • 32 GPUs • 1d (reserved) • 70%,H200,1 day,32,0.7,2.0,32703.999999999996
H200 • 32 GPUs • 1d (reserved) • 70%,H200,1 day,32,0.7,2.0,32703.999999999996
H200 • 32 GPUs • 1d (reserved) • 70%,H200,1 day,32,0.7,2.0,32703.999999999996
H200 • 32 GPUs • 1d (reserved) • 70%,H200,1 day,32,0.7,2.0,32703.999999999996
H200 • 32 GPUs • 1d (reserved) • 70%,H200,1 day,32,0.7,2.0,32703.999999999996
H200 • 32 GPUs • 1d (reserved) • 70%,H200,1 day,32,0.7,2.0,32703.999999999996
H200 • 32 GPUs • 1d (reserved) • 70%,H200,1 day,32,0.7,2.0,32703.999999999996
